{
  "seed": 1,
  "num_nodes": 1,
  "edges": [],
  "is_valid": false,
  "ground_truth": {
    "num_nodes": 4,
    "edges": [
      [
        3,
        2
      ],
      [
        2,
        0
      ],
      [
        2,
        1
      ]
    ]
  },
  "n_trajectories": 10000,
  "n_points": 10,
  "n_data_points": 90000,
  "domain_bounds": [
    [
      -0.1,
      -0.1,
      -0.1
    ],
    [
      90.0,
      70.0,
      70.0
    ]
  ],
  "actual_data_bounds": [
    [
      -5.435128651981423,
      -3.8386709326640016,
      -3.6010956918291797
    ],
    [
      112.43245417509834,
      78.70434082143916,
      73.49569215661222
    ]
  ]
}