{
  "train_losses": {
    "reconstruction": [
      768.4911929859835,
      762.3877135204668,
      762.2921283625755,
      763.1319023581112,
      762.9119787136045,
      762.6873867772207,
      762.5118865966797,
      762.509902312976,
      762.9036967814469,
      762.5511720801602,
      762.4375110273602,
      762.5561806815011,
      762.250617403944,
      763.0022913828617,
      762.6451039033777,
      762.2472043077485,
      762.5268831653756,
      763.0912057572052,
      763.1051828079865,
      762.9544718766413,
      762.80988497694,
      762.9041465951615,
      763.1283715512573,
      762.1641957258978,
      762.4390985825482,
      762.9475811870158,
      762.1979175215008,
      763.1550157050125,
      762.7266275101349,
      762.5208905644778,
      762.7723775911732,
      762.8087194106158,
      762.5843682810038,
      762.3841325775916,
      762.4044267670447,
      762.6146824940914,
      762.4558364483489,
      762.5897820737182,
      762.7011676435711,
      762.468157599954,
      762.1454111307609,
      763.0082179478237,
      762.8554908047204,
      762.536601475307,
      762.5989656849068,
      762.597445704356,
      762.5281597746521,
      763.6478017598641,
      763.3263770351891,
      762.0803966361935,
      762.3595860585446,
      762.0336056236459,
      762.2595649526901,
      762.5485943706095,
      762.9475933684021,
      762.3569364147025,
      762.1129874862543,
      763.28993058405,
      763.6500592912946,
      762.5348044002758,
      762.9868140981979,
      762.9031033556,
      762.4322127654773,
      762.3226620970654,
      762.5203452230502,
      762.6011388442096,
      762.548010048746,
      763.0289559244108,
      762.4180715865448,
      762.3768363119174,
      762.2961696336249,
      762.3363376905938,
      762.3691288282891,
      762.4747258034073,
      762.3365650337283,
      762.1268787544315,
      762.7886055056788,
      763.0704488033006,
      762.6739218575614,
      762.3725197415392,
      762.8271507455521,
      762.8868613363314,
      762.1624245523404
    ],
    "dynamics_recon": [
      711.0547423803506,
      704.3177432533072,
      703.4717772668149,
      704.3737473688205,
      704.0500804997292,
      704.8796448266806,
      704.0291532628677,
      704.064562757476,
      704.3061429833164,
      704.431544071486,
      704.0155199836282,
      703.7265530113413,
      704.6328327595687,
      704.5118242792722,
      704.2126191724249,
      704.2731430951287,
      703.9440767945362,
      704.6972987070804,
      704.0218077587481,
      704.0904325597427,
      703.855396046358,
      703.8482453161929,
      704.2471196791705,
      704.3167056556509,
      703.8245868843143,
      704.460626041188,
      704.8926178747867,
      704.1566073634043,
      704.0023283116958,
      704.4634972580341,
      705.0281236151687,
      704.6538242372144,
      704.6538196211102,
      704.2753408736542,
      703.6676676774225,
      704.2621865152311,
      704.5665598636916,
      703.702226526597,
      703.9438134201434,
      704.5564903451615,
      704.1580940054245,
      703.7872338815897,
      704.5528793976086,
      704.1548265729632,
      704.1572210488199,
      703.6511933142398,
      704.3454171829865,
      704.3540582737002,
      704.1941444973986,
      704.1323261421268,
      704.0454349036978,
      704.672437010693,
      704.9460055567637,
      703.7336182153525,
      705.0044595413849,
      704.723864002388,
      704.6167061429064,
      704.3817877248556,
      704.0886163791689,
      703.9848346870486,
      704.2062960071725,
      703.8942618490267,
      704.5675075755399,
      704.6059652376575,
      703.9020429338727,
      704.1129117052094,
      704.8182803883273,
      704.2907428901736,
      704.8791565454306,
      703.6809280780183,
      704.4659658480091,
      704.5151842902688,
      704.4287265809644,
      703.5282442750049,
      704.3800518132058,
      703.5595299215878,
      704.2854616822315,
      704.2913545239874,
      704.0213189645975,
      704.3912194516479,
      704.4847115909351,
      704.7855397713284,
      704.4820607930673
    ],
    "dynamics_consistency": [
      0.1046765730545089,
      0.000660735198361173,
      0.0003301662448187116,
      0.00020444381571455052,
      0.00013907310240946028,
      0.00010001875256910185,
      7.463329908938907e-05,
      5.726327078011936e-05,
      4.4882628724796836e-05,
      3.574668309983197e-05,
      2.8842343026018864e-05,
      2.3518508598744037e-05,
      2.0243057536260623e-05,
      1.829721943159566e-05,
      1.6479130443090187e-05,
      1.47892898413e-05,
      1.3230489495996886e-05,
      1.1806904675715119e-05,
      1.0504862430713095e-05,
      9.324514719212726e-06,
      8.261599692987683e-06,
      7.304659172840722e-06,
      6.448367236137092e-06,
      5.8574962316802655e-06,
      5.476928092183461e-06,
      5.100211880568825e-06,
      4.730525891035609e-06,
      4.369066479793058e-06,
      4.020736633421865e-06,
      3.6848675685590737e-06,
      3.3647091447906064e-06,
      3.0610100969422375e-06,
      2.775714717375065e-06,
      2.509053224801529e-06,
      2.3181517657836333e-06,
      2.1928156952679333e-06,
      2.06592102358627e-06,
      1.9386094789893343e-06,
      1.8119604248545137e-06,
      1.687582088085465e-06,
      1.5653556210352445e-06,
      1.4472504805031776e-06,
      1.3330320216329648e-06,
      1.223597434198061e-06,
      1.119543516058896e-06,
      1.0435802797003992e-06,
      9.930535336938375e-07,
      9.41666965535423e-07,
      8.896904773314227e-07,
      8.375832681322361e-07,
      7.858832978441768e-07,
      7.345767676078973e-07,
      6.841973967628965e-07,
      6.34949717961427e-07,
      5.875219342367989e-07,
      5.41638807485928e-07,
      5.0797139665099e-07,
      4.855415794690616e-07,
      4.626285158433386e-07,
      4.392314060251316e-07,
      4.1578160534311434e-07,
      3.921442125418543e-07,
      3.6864978738765233e-07,
      3.454620631688739e-07,
      3.22733712352158e-07,
      3.0065814998432174e-07,
      2.794219475108663e-07,
      2.6356925739973494e-07,
      2.530340664093694e-07,
      2.4222238604419117e-07,
      2.3124647942923354e-07,
      2.200704276738523e-07,
      2.0884298409396825e-07,
      1.9766802161851375e-07,
      1.8654833930819193e-07,
      1.7554430917291504e-07,
      1.6480799458298203e-07,
      1.5438141706564054e-07,
      1.46481644188706e-07,
      1.4126911626307516e-07,
      1.3591087521893565e-07,
      1.3046285271148657e-07,
      1.2493233165449575e-07
    ],