{
  "train_losses": {
    "reconstruction": [
      777.2078683035714,
      773.415231015502,
      773.8163865033318,
      773.4685084238773,
      773.4476090118665,
      773.4730124593783,
      773.8611792556378,
      773.6288958637655,
      773.3662647920496,
      773.5843541762408,
      774.5173325738987,
      773.7074138737527,
      773.5863670541459,
      772.7423163662438,
      773.146879308364,
      773.1515074657793,
      773.4704736020385,
      773.5833504300158,
      773.1644667937976,
      773.140283151835,
      773.6241962849593,
      774.036305403509,
      773.4992255202862,
      773.0522133963449,
      773.4255580100693,
      773.5760548054672,
      773.5233064539292,
      773.9944675990513,
      774.3230267693015,
      773.5400388060498,
      773.7580106078076,
      773.8422842586742,
      772.9068398355436,
      774.0651705445362,
      773.3999791505958,
      774.2131116851037,
      773.437903652672,
      773.4400786071265,
      773.6465970848789,
      773.4564705215582,
      773.1207610058184,
      773.1140786820099,
      773.2881431259027,
      773.7241945667428,
      773.1287527645336,
      773.3186059519022,
      773.4981724073907,
      773.8440923610655,
      773.4011066340598,
      773.2018078715861,
      773.4442786208722,
      773.2958566361115,
      773.2941279050683,
      773.8387866621258,
      773.5879581996372,
      773.1301705496652,
      773.66590714655,
      773.884639707934,
      773.2052227629333,
      774.201089426249,
      773.9901323078059,
      773.4765330082229,
      773.6571161606732,
      773.4133323861771,
      773.5741400197775,
      773.874549673385,
      773.8822303579635,
      773.6643544685941,
      773.4227368010193,
      772.9838615866269,
      773.1992341370142,
      773.3486107577796,
      773.1272983070181,
      774.0048108782087,
      773.6647465810055,
      773.999319637523,
      773.2388916015625,
      773.6926919632599
    ],
    "dynamics_recon": [
      717.709912211955,
      713.4078476849725,
      713.1806172603318,
      713.9411397982044,
      713.6405705043247,
      713.6251198904855,
      713.3903653441357,
      713.7338491487903,
      713.601823951016,
      713.8880624210133,
      713.8236543030298,
      713.267193962546,
      714.1280170088055,
      714.725637996898,
      713.7334201075449,
      713.5917480212299,
      713.6442806981191,
      713.7475439760865,
      713.9243937259963,
      714.2299022514279,
      713.7343020399078,
      714.0811600885471,
      713.0572866231454,
      713.7474220339991,
      714.063744552997,
      714.1265156208968,
      714.0754500958099,
      713.914867625517,
      714.0625975793149,
      713.4807694379022,
      713.1158693457852,
      713.4080437411781,
      712.9402724835052,
      713.6626815154773,
      713.7690716911765,
      713.5985144607159,
      713.9004071660403,
      713.287902575581,
      713.6694964240579,
      713.5367970186121,
      713.9096828428637,
      713.1604403968619,
      713.6156563638639,
      713.5267796877051,
      713.0129677908761,
      713.1227241323776,
      714.3944359787372,
      713.8146000709854,
      713.6837883957294,
      713.5337964226218,
      713.9791236685104,
      713.3041957566718,
      713.1723848230698,
      713.1777461717109,
      713.4293586025719,
      713.8034058899439,
      713.6561813995618,
      714.001781688017,
      713.9978136335101,
      713.8084639861804,
      714.1106817421793,
      713.8145273673434,
      713.3368622595523,
      713.7728668982242,
      713.6745382357044,
      714.1604001341748,
      713.5518053840188,
      713.7977910402442,
      713.4821374716879,
      713.6962540570428,
      713.1074763706753,
      713.2397377591174,
      713.5678813517594,
      713.9265957359506,
      714.0310976685596,
      713.5833714589352,
      713.3657126546908,
      713.8781351041393
    ],
    "dynamics_consistency": [
      0.01215239113439604,
      3.918060494141769e-05,
      2.265738659553492e-05,
      1.500521730236915e-05,
      1.088297785215883e-05,
      8.42833138380565e-06,
      6.856994022804306e-06,
      5.755111117138745e-06,
      4.947711854889471e-06,
      4.305884847765986e-06,
      3.7905593373824476e-06,
      3.3596192293435025e-06,
      3.0762768807383075e-06,
      2.9007428527605217e-06,
      2.7302691816520327e-06,
      2.565136220110013e-06,
      2.405288769831018e-06,
      2.2488288347913953e-06,
      2.0973751822887552e-06,
      1.951650911244641e-06,
      1.8111338680445892e-06,
      1.675823759873341e-06,
      1.546239969825785e-06,
      1.451136928581571e-06,
      1.3877263412945193e-06,
      1.3231403615555645e-06,
      1.25715602511447e-06,
      1.1897751285098768e-06,
      1.1226279464879844e-06,
      1.0550245702352414e-06,
      9.88236479315674e-07,
      9.22720395553041e-07,
      8.582830389036453e-07,
      7.953655441525837e-07,
      7.485194921551707e-07,
      7.168693829624913e-07,
      6.845419369053443e-07,
      6.512678162514075e-07,
      6.174076523685861e-07,
      5.830144378923702e-07,
      5.484275029553797e-07,
      5.142464860365417e-07,
      4.805517177538306e-07,
      4.472681517776849e-07,
      4.1481356812970003e-07,
      3.904795065665451e-07,
      3.7409345101396493e-07,
      3.5716009806817185e-07,
      3.3988837690937827e-07,
      3.223133261314592e-07,
      3.0463754463565566e-07,
      2.8689633923079807e-07,
      2.6913912237233957e-07,
      2.5152391828703743e-07,
      2.3420036966342173e-07,
      2.1731389372970464e-07,
      2.0477987496937233e-07,
      1.963229451723978e-07,
      1.8763641788034554e-07,
      1.78695474790807e-07,
      1.695710116487058e-07,
      1.6030426513011393e-07,
      1.5095271282821122e-07,
      1.4168563560869983e-07,
      1.3257661133620252e-07,
      1.236202252272517e-07,
      1.1473977374570105e-07,
      1.0834863231075971e-07,
      1.0387972613940491e-07,
      9.92758986502345e-08,
      9.456311961300053e-08,
      8.973974477807392e-08,
      8.49193731206859e-08,
      8.009944937391403e-08,
      7.528903279343822e-08,
      7.053794093363524e-08,
      6.58790654297655e-08,
      6.136497742814474e-08
    ],