{
  "train_losses": {
    "reconstruction": [
      751.4740078709707,
      745.9001116071429,
      746.2961756602054,
      745.7753133052537,
      746.2510504201681,
      746.7176396987018,
      745.9239442969571,
      745.7749623531053,
      746.11685103729,
      746.5094245461856,
      745.5715469232126,
      745.9010799632352,
      746.2487626276096,
      746.3972279524603,
      746.2017627363446,
      745.621986837948,
      745.9462752141873,
      745.7317775437812,
      745.8658955037093,
      745.7328793822217,
      746.0355640058758,
      745.3275958149374,
      746.3833433519892,
      745.8849687335871,
      745.9533141320493,
      745.8469171604189,
      745.9439445944394,
      746.7477706780954,
      745.651067653624,
      746.1616752047498,
      746.1448733546152,
      745.8592419023273,
      745.4458582261029,
      745.771312938017,
      746.0507327809054,
      745.6724343179654,
      745.5843280183167,
      746.2782991553555,
      746.0812148406726,
      745.8157780751461,
      745.5354880966058,
      746.1488379470441,
      745.8450798227005,
      746.184639810514,
      745.5976206034171,
      745.7093514835133,
      745.9985823430935,
      746.0914161746241,
      746.4526131253283,
      745.9169334603959,
      746.180787799739,
      745.7520732719357,
      745.7750146689535,
      746.0120740618024,
      746.3340348956965,
      746.2288264426865
    ],
    "dynamics_recon": [
      691.5967552120946,
      686.5468031939338,
      685.5610792656906,
      685.7730149982356,
      686.2457334374179,
      685.6555139878217,
      685.220991759741,
      685.3027486079881,
      686.0467644699481,
      686.0370306447775,
      686.1777118073792,
      686.1349401393858,
      685.9997902237067,
      685.638234499122,
      685.9603660006483,
      685.5187352284664,
      685.9065922328404,
      685.6822204589844,
      686.2211467839089,
      685.7813070601776,
      686.0037051930148,
      685.64731988987,
      686.5681422898749,
      685.9862720906234,
      685.7406426437763,
      685.7206744025735,
      686.1209070542279,
      686.2063151127151,
      686.0629072429754,
      685.943396303834,
      686.5169848273782,
      685.3863221497095,
      685.9291402351956,
      685.532396973682,
      686.043765156209,
      685.8936884262982,
      686.0474375235934,
      686.4067818777902,
      686.1454701143152,
      685.6472694973986,
      686.4265741941308,
      685.7152839468307,
      686.0488163282891,
      686.6227661902163,
      685.8565094250591,
      686.0170948445297,
      685.7658411875492,
      686.1991801542395,
      685.7708297857718,
      685.7063738398191,
      685.784535512203,
      685.7989653258765,
      685.56593976702,
      686.0109686330587,
      686.0778094379842,
      686.161902163209
    ],
    "dynamics_consistency": [
      0.14206094678076564,
      0.0018556471405347355,
      0.0015310075680897454,
      0.0013037642922365898,
      0.0011257862130731751,
      0.0009843928860735242,
      0.0008726598411953045,
      0.0007870055764704207,
      0.0007204851380181537,
      0.0006665635737590492,
      0.0006250222653180885,
      0.0005896578760188613,
      0.0005672256491135242,
      0.0005525126714531347,
      0.0005394496751739839,
      0.0005275147353842397,
      0.0005094564911501459,
      0.0004956730827114431,
      0.00048084801999400095,
      0.00046654835053790015,
      0.00044962623030164457,
      0.00043350663310332135,
      0.0004159135084492624,
      0.0004029718781543843,
      0.0003944504502413554,
      0.0003835218803407556,
      0.00037262007841307713,
      0.00036125053679634145,
      0.00034977293311568865,
      0.0003364539173491125,
      0.0003229171740461142,
      0.0003096816240757398,
      0.0002947442872715603,
      0.0002798128648808553,
      0.00026854181074102733,
      0.00025990689728667564,
      0.00025155170752601833,
      0.00024226320997016758,
      0.00023219959450002266,
      0.00022253091885752785,
      0.00021102264026692772,
      0.00020020165731479851,
      0.00018950513612933626,
      0.00017773413932858405,
      0.0001667669938942403,
      0.00015770594531464406,
      0.00015195837107309955,
      0.00014549218653004222,
      0.00013904122517808848,
      0.00013236863274609538,
      0.00012540756618845453,
      0.0001184253983295957,
      0.0001112405323495471,
      0.00010386729363057108,
      9.672560880047234e-05,
      8.942081753690111e-05
    ],
    "total": [
      82063.50986410188,
      81455.47936909138,
      81485.22815454307,
      81435.26157103466,
      81487.56210609243,
      81528.31901588761,
      81444.60446756828,
      81430.52378216911,
      81472.15280330883,
      81511.3127133666,
      81418.93180475316,
      81451.45742515757,
      81484.87417935925,
      81496.10512408089,
      81479.77967436975,
      81417.38606223739,
      81453.69317883403,
      81429.99990152312,
      81448.80061712184,
      81431.10098805148,
      81463.59343815652,
      81389.2327501313,
      81504.01600249475,
      81448.35957195378,
      81452.73782169117,
      81441.89840467437,
      81455.60325301996,
      81536.84008994223,
      81425.73575367648,
      81475.60169380253,
      81479.65697216387,
      81439.78745404411,
      81403.87741268383,
      81432.45524225316,
      81465.51091452206,
      81426.1799008666,
      81418.90705422794,
      81491.8976825105,
      81469.57625393907,
      81438.05020680148,
      81417.81450236344,
      81472.03650210085,
      81444.99607733719,
      81484.69135701156,
      81418.32679556198,
      81431.10571494223,
      81457.51649487921,
      81471.13368237921,
      81502.9697183561,
      81448.75690979516,
      81475.92420561975,
      81433.1969373687,
      81433.16102612921,
      81461.31717765231,
      81494.18172268907,
      81484.50175617122
    ]
  },
  "val_losses": {
    "reconstruction": [
      792.8554234822591,
      792.8515396118164,
      792.8513682047526,
      792.8513331095378,
      792.8513203938802,
      792.8513163248698,
      792.8513163248698,
      792.8513163248698,
      792.8513163248698,
      792.8513163248698,
      792.8513163248698,
      792.8513163248698,
      792.8513163248698,
      792.8513163248698,
      792.8513163248698,
      792.8513163248698,
      792.8513163248698,
      792.8513163248698,
      792.8513163248698,
      792.8513163248698,
      792.8513163248698,
      792.8513163248698,
      792.8513163248698,
      792.8513163248698,
      792.8513163248698,
      792.8513163248698,
      792.8513163248698,
      792.8513163248698,
      792.8513163248698,
      792.8513163248698,
      792.8513163248698,
      792.8513163248698,
      792.8513163248698,
      792.8513163248698,
      792.8513163248698,
      792.8513163248698,
      792.8513163248698,
      792.8513163248698,
      792.8513163248698,
      792.8513163248698,
      792.8513163248698,
      792.8513163248698,
      792.8513163248698,
      792.8513163248698,
      792.8513163248698,
      792.8513163248698,
      792.8513163248698,
      792.8513163248698,
      792.8513163248698,
      792.8513163248698,
      792.8513163248698,
      792.8513163248698,
      792.8513163248698,
      792.8513163248698,
      792.8513163248698,
      792.8513163248698
    ],