{
  "train_losses": {
    "reconstruction": [
      778.3089989413734,
      773.5833504300158,
      773.5395738617713,
      773.2880679859835,
      773.3594645011325,
      773.8000870392102,
      773.5955395097492,
      773.9098370976809,
      774.0774686156201,
      773.1993574895779,
      773.7246654093766,
      773.8717055120388,
      773.705033630884,
      773.6862744243205,
      774.1825675643793,
      773.1632560922318,
      773.4608345352301,
      773.1025879162701,
      773.602912325819,
      772.9329895532431,
      773.754167829241,
      773.4284946217257,
      773.7309684432855,
      772.9465297410468,
      773.5630445720769,
      773.5112225187927,
      773.6127514238117,
      773.4365762662487,
      773.1340047371488,
      773.2159889285304,
      773.4963068601464,
      772.9399344820936,
      773.0617836062647,
      773.438999592757,
      773.19469394203,
      773.2127129049862,
      773.4437627712217,
      773.7103425354517,
      773.397215771074,
      772.9585123783401,
      773.639117841961,
      773.703434278985,
      773.4613983410748,
      774.0168224943786,
      773.1861424806739,
      773.0328579429819,
      773.2493213044495,
      773.1199769092207,
      773.3624970251773,
      773.2876279173779,
      773.4650118531299,
      773.2089784766446,
      773.1689217190783,
      773.4297010918625,
      773.5752581428079,
      773.3269827706473,
      773.4685842049222,
      773.3128731350939,
      773.4834694742154,
      773.4355994472985,
      773.6358795166016,
      773.4843906434644,
      772.7802352264148,
      773.9855712121274
    ],
    "dynamics_recon": [
      718.6010846049845,
      713.1472759086545,
      713.3488115583148,
      713.3048922755137,
      713.7770295984604,
      713.7649184795989,
      713.0971915621717,
      713.4200731806394,
      713.9955362271862,
      713.3545955369452,
      713.7920359122653,
      713.7684413364956,
      713.4311547800272,
      714.6239382960215,
      713.5170170118829,
      713.1808219076205,
      713.9676440583557,
      713.9291574173615,
      713.6138819846786,
      714.0387116760767,
      713.047584597804,
      713.583837941915,
      713.6615880116696,
      713.6526921376461,
      713.9210887235754,
      713.1727837314124,
      713.469370737797,
      713.2318642239611,
      713.2765699114118,
      713.4008572362051,
      714.8106983088645,
      713.8601081912257,
      713.6828997956604,
      713.0824109245749,
      713.5554769820526,
      713.2710196871717,
      713.6396276650308,
      713.5075310458656,
      714.0364186262884,
      713.9630205170447,
      713.5083009094751,
      714.0684283601136,
      713.7846411697003,
      713.4904078635849,
      714.3715248428473,
      713.0672506124032,
      713.0890650388574,
      713.2495269775391,
      713.2569987834,
      713.7446494222689,
      713.8374688925863,
      712.7776922658712,
      713.3000247218027,
      713.6888046905774,
      713.8719597824481,
      713.7170170375279,
      713.8054739046497,
      713.7672296091288,
      713.8295883050486,
      713.4223417394302,
      713.3503334622424,
      714.0078221168839,
      714.3638781379251,
      713.8736776143563
    ],
    "dynamics_consistency": [
      0.038005234965819285,
      0.0002357133909616768,
      0.00013766777482785737,
      9.296622802674606e-05,
      6.982846193635804e-05,
      5.575498821484825e-05,
      4.619401294016328e-05,
      3.915911919717137e-05,
      3.342005533065711e-05,
      2.7714390303079183e-05,
      2.341443599894361e-05,
      2.0107675986420735e-05,
      1.7872488948311355e-05,
      1.657729565316103e-05,
      1.5331494871455053e-05,
      1.4118936850987483e-05,
      1.2962698949822039e-05,
      1.186371054161612e-05,
      1.0777787544512426e-05,
      9.682171620999511e-06,
      8.661107018315688e-06,
      7.752320522488562e-06,
      6.921153180118985e-06,
      6.3299538576283335e-06,
      5.957596896154764e-06,
      5.588090787859371e-06,
      5.216855630779344e-06,
      4.852514393860474e-06,
      4.4993964811051955e-06,
      4.160132860061906e-06,
      3.824415875706032e-06,
      3.504790935544062e-06,
      3.2021371846688553e-06,
      2.9283681037324504e-06,
      2.7049644691529662e-06,
      2.5672338234708607e-06,
      2.4284354367409833e-06,
      2.2890439261940048e-06,
      2.1465461387157394e-06,
      2.00635703379726e-06,
      1.8693496943479896e-06,
      1.7349077528469475e-06,
      1.6042806606003238e-06,
      1.4788202467777311e-06,
      1.3560622474266107e-06,
      1.265791645303526e-06,
      1.2065995010380756e-06,
      1.1463543945360815e-06,
      1.0853016206743906e-06,
      1.0239071751133634e-06,
      9.617449526589201e-07,
      9.002165560590232e-07,
      8.396729623762119e-07,
      7.803791214130132e-07,
      7.228838590057452e-07,
      6.673924878512236e-07,
      6.25613381544099e-07,
      5.980046752313706e-07,
      5.701446265468903e-07,
      5.414633947856899e-07,
      5.130428696329852e-07,
      4.834920225303301e-07,
      4.546823316882221e-07,
      4.260940344983581e-07
    ],
    "total": [
      1496.9480888302587,
      1486.7308693252692,
      1486.8885256983654,
      1486.5930683552717,
      1487.1365546218487,
      1487.5650175719702,
      1486.6927433815324,
      1487.3299232290572,
      1488.0730154854912,
      1486.553965849035,
      1487.5167082457983,
      1487.6401485154609,
      1487.1361920012146,
      1488.3102175928966,
      1487.699590859293,
      1486.3440836417574,
      1487.4284796193867,
      1487.03174905216,
      1487.2167979008009,
      1486.9717007164195,
      1486.8017552479976,
      1487.0123355128185,
      1487.3925581218816,
      1486.5992190577404,
      1487.4841344496783,
      1486.6840127896862,
      1487.082124597886,
      1486.6684431829372,
      1486.410575033236,
      1486.6168484727875,
      1488.3070088875395,
      1486.8000385701155,
      1486.7446830172498,
      1486.5214079528296,
      1486.750170282957,
      1486.483736951812,
      1487.0833924878546,
      1487.2178806336988,
      1487.4336332433363,
      1486.921535459887,
      1487.1474234957655,
      1487.7718644342503,
      1487.246037330948,
      1487.5072334353663,
      1487.557664887244,
      1486.1001094529609,
      1486.3383901900604,
      1486.3695017069329,
      1486.619495552127,
      1487.0322816993007,
      1487.302482540868,
      1485.986666639312,
      1486.4689479795825,
      1487.118509244518,
      1487.44722202846,
      1487.0440032702534,
      1487.274058109572,
      1487.0801037700237,
      1487.3130595744158,
      1486.8579409302783,
      1486.9862122094933,
      1487.4922136579241,
      1487.1441096458113,
      1487.8592462619813
    ]
  },