{
  "seed": 0,
  "num_nodes": 1,
  "edges": [],
  "is_valid": false,
  "ground_truth": {
    "num_nodes": 4,
    "edges": [
      [
        3,
        2
      ],
      [
        2,
        0
      ],
      [
        2,
        1
      ]
    ]
  },
  "n_trajectories": 10000,
  "n_points": 10,
  "n_data_points": 90000,
  "domain_bounds": [
    [
      -0.1,
      -0.1,
      -0.1
    ],
    [
      90.0,
      70.0,
      70.0
    ]
  ],
  "actual_data_bounds": [
    [
      -5.492828687302921,
      -3.876028059879128,
      -3.5896154846934865
    ],
    [
      113.29548944966422,
      79.30832108994431,
      73.50108112760272
    ]
  ]
}