{
  "train_losses": {
    "reconstruction": [
      810.7319694967831,
      805.9484696588596,
      805.5801158231848,
      806.0916692910074,
      805.1530605284106,
      805.2081888663669,
      805.4672689998852,
      805.7054081764542,
      806.0675334770139,
      805.7661504665342,
      806.2628914969308,
      805.644785135734,
      805.4504530449875,
      805.6750896037125,
      805.635184408236,
      805.4872757086233,
      806.4979843011423,
      806.2353010418035,
      805.9492933770188,
      806.5149125812434,
      806.7244435799222,
      805.5789933405002,
      806.2357221330915,
      806.1384687664129,
      805.8993779030167,
      805.8339974539621,
      805.6167033219538,
      805.1357055151162,
      805.7118625160025,
      805.2356725099708,
      806.0289001464844,
      806.1403271330505,
      805.6595694918592,
      805.66587457737,
      805.6417095280495,
      805.4298890698858,
      805.4447050976153,
      806.1345791856781,
      805.4948338099888,
      806.0345453855371,
      805.6451305742023,
      805.7440329159008,
      805.6410814814207,
      805.711153431099,
      805.7188166770615,
      805.6748829048221,
      806.1839079015396,
      805.5087095629267,
      806.5933363457688,
      806.0042701528854,
      805.70166015625,
      805.8105437975971,
      806.3894327628512,
      806.0239224473969,
      805.0407351966666
    ],
    "dynamics_recon": [
      753.4456012629661,
      747.3260227491876,
      747.0084532409155,
      748.1191257508863,
      748.0892959722952,
      747.2240027419659,
      747.2527449151047,
      747.7743271258698,
      747.6928031344373,
      747.9893046146682,
      748.1643117696298,
      747.1526881626675,
      747.4452963436352,
      747.7159508456702,
      747.6257284468963,
      747.6450581270105,
      747.9470490527754,
      747.29554043297,
      747.4803116742303,
      748.017255895278,
      747.6761591294232,
      747.4257294470523,
      747.3116187087628,
      748.293770669889,
      747.5060597908597,
      747.6876415605304,
      747.484731978729,
      747.4427367138262,
      747.6888530314469,
      747.9584703205012,
      748.100731344784,
      747.9167779233276,
      748.4423943527606,
      747.709952346417,
      747.0558012633765,
      747.0953853831571,
      747.1278196703486,
      748.0745408514969,
      747.2525306509323,
      747.6828847933216,
      746.8981044993681,
      747.5518152573529,
      747.6895523712415,
      747.7201821463449,
      747.0807913131073,
      747.4371435341715,
      747.273949631122,
      747.7693305776901,
      747.8431293904281,
      747.3072425137048,
      747.3892858168658,
      747.5191086200105,
      747.4920467088202,
      747.507506426643,
      746.906725330513
    ],
    "dynamics_consistency": [
      0.03510233282221091,
      0.00010320910420138235,
      5.437597340215773e-05,
      3.4267870107994115e-05,
      2.384914179336712e-05,
      1.7737969715046285e-05,
      1.3808845191298675e-05,
      1.109404077286082e-05,
      9.110424988679019e-06,
      7.63961171161413e-06,
      6.477141293081874e-06,
      5.531143800767075e-06,
      4.90437807462788e-06,
      4.533994566189285e-06,
      4.16929562080066e-06,
      3.832349335891745e-06,
      3.5041588952416144e-06,
      3.199203386672531e-06,
      2.9155330417481556e-06,
      2.650327781791838e-06,
      2.406516984149316e-06,
      2.1885128736843047e-06,
      1.9862880574304225e-06,
      1.8292910796220008e-06,
      1.7332637741794635e-06,
      1.6383968860528519e-06,
      1.544947073667771e-06,
      1.450637954423594e-06,
      1.3561750388013566e-06,
      1.2656600244268634e-06,
      1.1782943990745848e-06,
      1.0944106510671092e-06,
      1.0134692350921803e-06,
      9.366851530751987e-07,
      8.709656219695598e-07,
      8.331230027874977e-07,
      7.953986819849311e-07,
      7.563339330590583e-07,
      7.160383138777926e-07,
      6.767648182737136e-07,
      6.378857103107603e-07,
      5.990319576921484e-07,
      5.602618358788985e-07,
      5.241856818707854e-07,
      4.883318750005725e-07,
      4.56092029831687e-07,
      4.3888163221297687e-07,
      7.736209234976235e-07,
      3.903741524396287e-07,
      3.737579195532727e-07,
      3.563629525402473e-07,
      3.391546694355166e-07,
      3.2175725948401596e-07,
      3.046351689300477e-07,
      2.878742111244347e-07
    ],
    "total": [
      1564.2126716164983,
      1553.2745925518645,
      1552.5886091985622,
      1554.2108082490809,
      1553.242357782957,
      1552.4321930188091,
      1552.720016351267,
      1553.479736328125,
      1553.7603400735295,
      1553.7554608513328,
      1554.427208139115,
      1552.797476119354,
      1552.895754004727,
      1553.3910430138853,
      1553.2609150349592,
      1553.13233498966,
      1554.4450339950433,
      1553.5308422441242,
      1553.4296033843225,
      1554.5321680918462,
      1554.4006039915967,
      1553.0047248391545,
      1553.54734173943,
      1554.432241744354,
      1553.4054350011488,
      1553.5216454257484,
      1553.1014414554884,
      1552.5784445369945,
      1553.4007137522979,
      1553.1941435998228,
      1554.129627900965,
      1554.0571047999279,
      1554.1019687171743,
      1553.3758288471638,
      1552.6975113043263,
      1552.5252716320904,
      1552.5725277171416,
      1554.2091187549238,
      1552.74736317867,
      1553.7174344102875,
      1552.5432339195445,
      1553.2958481732537,
      1553.3306366736147,
      1553.4313354492188,
      1552.799607220818,
      1553.1120318244484,
      1553.4578554810596,
      1553.2780438591453,
      1554.4364716345522,
      1553.3115131794905,
      1553.09095058922,
      1553.3296513918067,
      1553.881476650719,
      1553.5314274635637,
      1551.947463091682
    ]
  },
  "val_losses": {
    "reconstruction": [
      829.9240392049154,
      829.9038701375325,
      829.8972045898438,
      829.8971384684245,
      829.8971354166666,
      829.8971333821614,
      829.8971333821614,
      829.8971333821614,
      829.8971333821614,
      829.8971333821614,
      829.8971333821614,
      829.8971333821614,
      829.8971333821614,
      829.8971333821614,
      829.8971333821614,
      829.8971333821614,
      829.8971333821614,
      829.8971333821614,
      829.8971333821614,
      829.8971333821614,
      829.8971333821614,
      829.8971333821614,
      829.8971333821614,
      829.8971333821614,
      829.8971333821614,
      829.8971333821614,
      829.8971333821614,
      829.8971333821614,
      829.8971333821614,
      829.8971333821614,
      829.8971333821614,
      829.8971333821614,
      829.8971333821614,
      829.8971333821614,
      829.8971333821614,
      829.8971333821614,
      829.8971333821614,
      829.8971333821614,
      829.8971333821614,
      829.8971333821614,
      829.8971333821614,
      829.8971333821614,
      829.8971333821614,
      829.8971333821614,
      829.8971333821614,
      829.8971333821614,
      829.8971333821614,
      829.8971333821614,
      829.8971333821614,
      829.8971333821614,
      829.8971333821614,
      829.8971333821614,
      829.8971333821614,
      829.8971333821614,
      829.8971333821614
    ],