{
  "train_losses": {
    "reconstruction": [
      809.7861215286896,
      806.2589081836347,
      806.1080054275128,
      805.5672093239151,
      805.6910355511834,
      805.6333728437664,
      805.8099126735655,
      805.4939966281923,
      805.2811890930689,
      805.9391132002118,
      805.7231078588662,
      806.7463127585019,
      805.6057267389377,
      805.4497343432001,
      805.6297663840927,
      806.2922337636227,
      805.2208069873457,
      805.4855081253693,
      806.4391974441144,
      805.8706962521337,
      805.6464651412323,
      805.643746640502,
      805.8669728511521,
      806.2722043590385,
      805.1579962978844,
      805.6489787382238,
      805.8290638643152,
      805.648245418773,
      805.8243909563337,
      805.819506348682,
      805.6906726740989,
      805.3273611629711,
      805.3399419704405,
      806.208449419807,
      805.3953513778558,
      805.7127014929507,
      805.1557065819492,
      805.65203985647,
      805.740442740817,
      805.5182233537946,
      806.159287140149,
      805.6252708114496,
      805.532802806181,
      806.2231919745437,
      806.132952521829,
      805.559048436269,
      806.2261688488873,
      805.4170293727842,
      805.4966051117713,
      806.1383197688255,
      805.3736428653492,
      805.5218350706982,
      805.9771956756335,
      806.0615854984572,
      805.7411655458081,
      805.2543461903805,
      805.3580665908942,
      804.900367800929,
      805.3738875188748,
      805.4263046649323,
      805.7561732700893
    ],
    "dynamics_recon": [
      751.9905485265396,
      747.7088785892776,
      747.1173367540375,
      747.6581567075073,
      747.6097481350939,
      748.7203738428965,
      747.1563377059808,
      747.3275484998687,
      747.1562134558413,
      747.4660627861984,
      747.2569315934381,
      747.873356153985,
      747.5394648704208,
      747.6646573363232,
      747.1089651925223,
      747.2918333165786,
      747.4583252978925,
      747.7866491750509,
      748.221311809636,
      747.8811536516462,
      747.7296958089877,
      747.6801307742335,
      747.4949749858439,
      747.6110534667969,
      747.0072660045463,
      747.2451261632583,
      747.3059291038193,
      747.6204001803358,
      747.7871304039194,
      747.5792110667509,
      747.3297044770056,
      748.0357999400932,
      747.5669736461479,
      747.7531567741843,
      747.1110287193491,
      747.9672991327878,
      747.0905824549058,
      747.4110624169101,
      747.2945832324629,
      748.0520852994518,
      747.791182702329,
      748.3236608425108,
      747.6604462952173,
      747.7196978400735,
      748.1841933306525,
      747.5164034546924,
      748.098099011333,
      747.1566855807264,
      747.7938782507632,
      747.8911635454963,
      747.7107614469128,
      747.6815843341731,
      747.6627461409369,
      747.636041721376,
      747.80321188534,
      748.0060124757911,
      747.5415859703256,
      747.3843232483423,
      747.558792370708,
      747.5484649914654,
      747.4622519356864
    ],
    "dynamics_consistency": [
      0.006925529023706191,
      6.202028286408386e-05,
      2.9511789636075754e-05,
      1.6516996179272626e-05,
      1.046439929803669e-05,
      7.301301987625556e-06,
      5.451979243370253e-06,
      4.279008806907241e-06,
      3.4564749724443824e-06,
      2.848018600367951e-06,
      2.366917376567479e-06,
      1.9736795622077446e-06,
      1.7208883787707465e-06,
      1.5592284586462086e-06,
      1.4044476999339825e-06,
      1.257980194978478e-06,
      1.1186444420932925e-06,
      9.912025873023487e-07,
      8.755688943696089e-07,
      7.72779371504266e-07,
      6.819624188608009e-07,
      6.015654994868072e-07,
      5.30265446312443e-07,
      4.810359623011859e-07,
      4.509591801233948e-07,
      4.201822395829436e-07,
      3.9073693637883937e-07,
      3.619176294454282e-07,
      3.341896074829026e-07,
      3.077956064589098e-07,
      2.8128614892781697e-07,
      2.566954379551876e-07,
      2.3353987302004858e-07,
      2.1190725066367887e-07,
      1.960914400790577e-07,
      1.8564043852096183e-07,
      1.7501189299267736e-07,
      1.6441071568972596e-07,
      1.5397471524122829e-07,
      1.4324266023557725e-07,
      1.329925579784112e-07,
      1.2304590611770836e-07,
      1.1322968712412691e-07,
      1.0391412887216831e-07,
      9.505241237243755e-08,
      8.842545520827425e-08,
      8.418757997732974e-08,
      7.999080335922685e-08,
      7.562542507068386e-08,
      7.122259904535265e-08,
      6.692069507691405e-08,
      6.273344931484086e-08,
      5.860910718465083e-08,
      5.4554912027658186e-08,
      5.073147502834573e-08,
      4.6914978800053754e-08,
      4.409158089615898e-08,
      4.2305865902917715e-08,
      4.045321376850575e-08,
      3.861124896559909e-08,
      3.677904800135625e-08
    ],
    "total": [
      1561.7835949809612,
      1553.967841653263,
      1553.2253469258796,
      1553.2253648773963,
      1553.3007874048058,
      1554.3537454044117,
      1552.9662496101957,
      1552.8215455127363,
      1552.4374040876116,
      1553.40517598641,
      1552.980039965205,
      1554.6196709640888,
      1553.1451939174108,
      1553.114389115021,
      1552.7387295250132,
      1553.584067977777,
      1552.67913408039,
      1553.2721537101168,
      1554.6605060481224,
      1553.751850032005,
      1553.3761591550683,
      1553.3238756195838,
      1553.361948734572,
      1553.883254107307,
      1552.1652590968029,
      1552.8940983620012,
      1553.1349918141084,
      1553.2686464966846,
      1553.611514820772,
      1553.3987221597624,
      1553.0203785615809,
      1553.3631632828913,
      1552.9069183093159,
      1553.9616022190125,
      1552.5063789431788,
      1553.6800024208903,
      1552.2462963456867,
      1553.0631052225579,
      1553.0350275119813,
      1553.5703094225971,
      1553.9504702271533,
      1553.9489343466878,
      1553.1932496142988,
      1553.9428910968684,
      1554.3171417492779,
      1553.0754527885372,
      1554.324266449744,
      1552.5737166204372,
      1553.2904878504137,
      1554.0294840836725,
      1553.084405466288,
      1553.2034229951746,
      1553.6399443810728,
      1553.6976256811317,
      1553.5443782004988,
      1553.2603595637474,
      1552.8996551257221,
      1552.2846936137737,
      1552.9326802742582,
      1552.9747745289521,
      1553.2184202049962
    ]
  },