{
  "train_losses": {
    "reconstruction": [
      778.416922689486,
      774.9823277577633,
      774.487675770992,
      774.8086758140756,
      774.2930376068884,
      775.297669354607,
      774.3827391552325,
      774.3799537209903,
      775.419370635217,
      774.7009227335953,
      774.8381616928998,
      775.5843293005679,
      775.5724307789523,
      774.8667243508731,
      774.2375480587743,
      775.3646609522715,
      774.6196435239135,
      774.5439003054835,
      774.2499648663177,
      774.548777219628,
      775.1897718926438,
      774.302965564888,
      775.2521955986984,
      775.1998508998325,
      774.8143623416163,
      774.9521040716091,
      775.1777136025308,
      774.7266001981848,
      775.6281660063928,
      775.2254743816472,
      774.4590227143103,
      774.4556428284204,
      774.8264355058429,
      774.3685177073759,
      774.7223782579438,
      774.9976402731503,
      774.2966672753086,
      774.8279717709838,
      774.936346615062,
      774.6982026941636,
      774.0575020413439,
      774.2052478950565,
      774.1478120178735,
      775.0127339082605,
      775.0733375869879,
      774.890192112001,
      774.378879066275,
      774.3243931361607,
      774.2658283650375,
      774.3004401711856,
      775.2598302504596,
      774.9896813400653,
      775.128554656726,
      774.9787007820706,
      775.2471074977842,
      774.7852354931231,
      774.3100503873425,
      775.0943908691406,
      774.539546421596,
      775.4513070242746,
      774.3772131655396,
      774.5984850971639,
      774.4397170122932,
      774.3097008456702,
      774.9198303222656,
      774.2888613147896,
      774.730871376871,
      775.5081040839187,
      774.9923281629547,
      774.4879987700647,
      774.7092337728549,
      774.5037970021993,
      774.4672733595391,
      774.795520814527,
      775.5521687740037,
      775.0473075033236,
      774.4890554732635,
      774.1213180157317,
      774.962162562779,
      774.4549136121734,
      774.4794230741613,
      774.7409297398159,
      774.7619657115775,
      774.6362071317785,
      774.7286688540162,
      774.7592974750936,
      775.1562083268366,
      775.0176535213695,
      774.3189363880318,
      774.829753715451,
      775.1797378924714,
      774.6338490718553,
      774.6939920377331
    ],
    "dynamics_recon": [
      720.4165192932642,
      716.4542224787864,
      716.426544061228,
      715.889703830751,
      716.0566784514099,
      716.79672318146,
      716.9121374563009,
      716.0104094433184,
      716.7779411508255,
      716.2576972256188,
      716.0686889135537,
      717.0934761111475,
      716.8227218499704,
      715.7689739836364,
      716.167304672113,
      716.5189848827715,
      716.4923152122177,
      716.1803111869748,
      716.6397801246964,
      716.7117289054294,
      716.3579184908826,
      716.5807669503348,
      716.1262959712693,
      716.0453542500985,
      716.0985536976021,
      716.2448965120716,
      715.9952591327058,
      716.5143083844866,
      716.2246702819311,
      716.5103042987214,
      716.0993239458869,
      717.0015488312024,
      716.2922192741843,
      716.0166415687369,
      716.3564583914621,
      716.2406408486246,
      715.8569410308069,
      716.0488991617154,
      716.0897303989956,
      716.1169011733111,
      716.9152880756795,
      716.3830531785468,
      716.1980415151901,
      716.5529072224593,
      716.412813587349,
      716.1525917373785,
      716.3516708502249,
      716.7374248344357,
      716.3030165984851,
      716.3795535303965,
      716.9432208918723,
      717.7976925633535,
      716.2952203830752,
      716.625983101981,
      716.7772966913816,
      716.143437489742,
      716.5665806361607,
      716.5381673604501,
      716.4590681060022,
      716.3492684244108,
      716.1129078584559,
      715.779771051487,
      716.3824559059464,
      716.7131134802554,
      716.3321716565044,
      716.1592314904477,
      716.0378384630219,
      716.1734708898208,
      716.058208561745,
      716.6012896369485,
      716.197127782998,
      716.1376436377774,
      716.0849032361969,
      716.3632497066209,
      716.3472351587119,
      716.53267150366,
      716.3682861328125,
      715.6804377451664,
      716.4295424773914,
      715.5942884172712,
      716.8450072472837,
      716.1501301997849,
      716.9566902994108,
      716.1657614828158,
      716.4981690735376,
      716.7702608509225,
      716.2563479127002,
      716.7502855573382,
      716.567368707737,
      716.8066937101989,
      716.8409009660993,
      716.6428809927291,
      716.602122330866
    ],
    "dynamics_consistency": [
      0.01687825890713084,
      4.268793492822418e-05,
      1.8253821220035306e-05,
      1.0559053829898143e-05,
      7.3023266055361475e-06,
      5.648159048514342e-06,
      4.649798036919821e-06,
      3.9783312069798625e-06,
      3.478229486705352e-06,
      3.087261698514523e-06,
      2.762334584802665e-06,
      2.4838098305881125e-06,
      2.2956031804877806e-06,
      2.174113571810198e-06,
      2.053769668034248e-06,
      1.9339518314704983e-06,
      1.8153324180191305e-06,
      1.6992618147465509e-06,
      1.5852923185867293e-06,
      1.4738388038594388e-06,
      1.366624997563351e-06,
      1.262960245949522e-06,
      1.1632097689394838e-06,
      1.0906667151121997e-06,
      1.0416343212061498e-06,
      9.910545082855133e-07,
      9.395116438925072e-07,
      8.873220735949872e-07,
      8.349202217885693e-07,
      7.824072645043921e-07,
      7.30543828545828e-07,
      6.793490192725616e-07,
      6.294509180101036e-07,
      5.812366731035826e-07,
      5.460630345509298e-07,
      5.219273332329044e-07,
      4.971351688852849e-07,
      4.717597872387473e-07,
      4.459103872475588e-07,
      4.197821963201886e-07,
      3.936719184737342e-07,
      3.677431167051425e-07,
      3.421218669708108e-07,
      3.1716394840798273e-07,
      2.927676522575962e-07,
      2.7483798213924875e-07,
      2.6259777829342483e-07,
      2.5003513296045823e-07,
      2.3720802869654697e-07,
      2.2416367390134547e-07,
      2.1097424759578383e-07,
      1.9775594053435882e-07,
      1.8456936714744548e-07,
      1.7153131116432282e-07,
      1.5889271914264237e-07,
      1.466488229226809e-07,
      1.3771475788682452e-07,
      1.3164961399643518e-07,
      1.2538957865293e-07,
      1.1898089493290378e-07,
      1.1247473191466813e-07,
      1.0589852225007807e-07,
      9.930537351536014e-08,
      9.275452756936516e-08,
      8.628773088765061e-08,
      7.995570063737715e-08,
      7.380314186866408e-08,
      6.929216252136702e-08,
      6.62358540900064e-08,
      6.308018894531284e-08,
      5.989709782129791e-08,
      5.6709292470141735e-08,
      5.349617740760936e-08,
      5.0274476466103745e-08,
      4.7076783450031046e-08,
      4.3923241051760585e-08,
      4.084237409898367e-08,
      3.784839934272601e-08,
      3.564585241730212e-08,
      3.415332148558967e-08,
      3.262237165742835e-08,
      3.1062210088864143e-08,
      2.9480974621371498e-08,
      2.7890326149422665e-08,
      2.630537808120831e-08,
      2.473085985485807e-08,
      2.3191636301387766e-08,
      2.169162005571934e-08,
      2.0216016095502686e-08,
      1.9143902702107917e-08,
      1.8413047393062436e-08,
      1.7673748395691387e-08,
      1.691917234138992e-08
    ],