{
  "train_losses": {
    "reconstruction": [
      800.2767054453617,
      795.7511504357602,
      795.7825104529117,
      796.0387752757352,
      796.1980183064437,
      796.5933301909631,
      795.7895111596885,
      796.009684330275,
      796.0929832137933,
      795.6194724716058,
      796.4132056997604,
      795.8453056271337,
      796.0553656826501,
      796.3876437660025,
      796.1211514513031,
      796.0928770433954,
      796.2433476808692,
      796.3382720947266,
      796.2056875789867,
      796.4180887687106,
      795.9884007558102,
      796.1415296282087,
      795.758498247932,
      795.4688371930804,
      796.1303572454373,
      796.6802606662783,
      795.7104233172761,
      795.5735535180869,
      795.6722837816767,
      796.1402162183233,
      796.1466578635849,
      795.8861399418166,
      795.8660450141971,
      796.3104673754267,
      796.0987568061893,
      796.4770369329373,
      796.3864851238347,
      796.0296089749377,
      796.2832985244879,
      795.6068440926175,
      796.2881440234785,
      796.2105246151195,
      796.0661617246997,
      795.2879084739365,
      795.6864870215664,
      797.0459879386325,
      795.5226398115399,
      796.2963542777951,
      795.7471869973575,
      795.9908619087283,
      795.7135494456571,
      795.634587648536,
      796.0105393353631,
      796.3097491865399,
      796.0603512034696
    ],
    "dynamics_recon": [
      745.6894287622275,
      740.7349189309513,
      740.6798085445115,
      741.211732880408,
      741.0748583368894,
      740.5274188899192,
      740.6444708559693,
      741.0927488182773,
      740.7740101533777,
      740.5893853452026,
      740.9030873274603,
      740.717211426807,
      741.4721981016528,
      740.5612180052685,
      740.9950787199646,
      740.9165285254727,
      740.5453711758141,
      740.3109130859375,
      741.0038158512917,
      741.464857854763,
      740.8606030119568,
      741.0564458510455,
      740.4178937383059,
      740.659217642135,
      741.0527350161256,
      741.1624140378808,
      741.3147859974068,
      740.202388218471,
      740.7968325574859,
      740.2539954946823,
      740.6004092432871,
      740.1939640846573,
      741.2175793046711,
      741.1171469808627,
      741.282236307609,
      740.5305515577813,
      740.4962053058528,
      741.2517774565881,
      741.1075243268695,
      740.2302698728417,
      740.4267901252298,
      740.7240454409302,
      740.5938720703125,
      741.6907794856223,
      740.6600302047088,
      741.4173255728073,
      740.1924443605567,
      740.5559575697955,
      740.4582884972837,
      741.1670194994501,
      740.629878452846,
      741.0432205841321,
      740.8969104670676,
      740.5731994885357,
      740.4482498810071
    ],
    "dynamics_consistency": [
      0.08870611993038705,
      0.0002290150872978921,
      5.522549596024255e-05,
      2.52092885557049e-05,
      1.4699571824082853e-05,
      9.632296640678255e-06,
      6.775219294429901e-06,
      4.963695705994899e-06,
      3.763899207890919e-06,
      2.922914070361859e-06,
      2.3140061463467294e-06,
      1.8617717517720259e-06,
      1.5915623046035732e-06,
      1.4306261209783372e-06,
      1.2836470991734138e-06,
      1.14727666061658e-06,
      1.026296682207889e-06,
      9.110479054413167e-07,
      8.107907389733807e-07,
      7.198410620221808e-07,
      6.392193149249885e-07,
      5.64847938984017e-07,
      5.0125444784617e-07,
      4.559937663241787e-07,
      4.2678158771346686e-07,
      3.984554805542604e-07,
      3.69687108787298e-07,
      3.4275389410731993e-07,
      3.1692881894959553e-07,
      2.91880343506379e-07,
      2.664843730779948e-07,
      2.4524272901151816e-07,
      2.2170913545770005e-07,
      2.0185937536251543e-07,
      1.87017162032998e-07,
      1.7778632713542196e-07,
      1.683215757624874e-07,
      1.5824618373853007e-07,
      1.4828442636621445e-07,
      1.3873838347074681e-07,
      1.2946214123515046e-07,
      1.203004843603617e-07,
      1.112695307918276e-07,
      1.0285041577323917e-07,
      9.453580340208266e-08,
      8.830422750439517e-08,
      8.448657766668233e-08,
      8.032034989307924e-08,
      7.617502695849378e-08,
      7.209644163094565e-08,
      6.786255138041401e-08,
      6.378796736381979e-08,
      5.979821694768744e-08,
      5.579720542559512e-08,
      5.199603805593375e-08
    ],
    "total": [
      1546.0548398314404,
      1536.486297863872,
      1536.462367466518,
      1537.2505103359704,
      1537.2728756175322,
      1537.120744464778,
      1536.433980989857,
      1537.1024334050026,
      1536.8669931107208,
      1536.2088592272846,
      1537.316293411896,
      1536.5625158999146,
      1537.5275642972033,
      1536.9488592067687,
      1537.116229401917,
      1537.0094071075696,
      1536.7887147534796,
      1536.6491888991925,
      1537.209501891577,
      1537.882944828322,
      1536.8490046653426,
      1537.197978556657,
      1536.1763864725579,
      1536.1280497062105,
      1537.18309469784,
      1537.8426764993108,
      1537.025213674337,
      1535.775938402705,
      1536.4691146722362,
      1536.3942117130055,
      1536.7470672350971,
      1536.0801037700237,
      1537.0836232930671,
      1537.42761486919,
      1537.3809922162225,
      1537.007587849593,
      1536.8826888909862,
      1537.2813848928242,
      1537.3908260569854,
      1535.8371140936842,
      1536.7149350462842,
      1536.9345744157038,
      1536.6600377699908,
      1536.9786812918526,
      1536.346511456145,
      1538.4633183839942,
      1535.7150868648241,
      1536.8523082572872,
      1536.2054756228663,
      1537.1578805106026,
      1536.3434248211004,
      1536.677808232668,
      1536.9074496742055,
      1536.8829468799238,
      1536.5085982635242
    ]
  },
  "val_losses": {
    "reconstruction": [
      805.8481353759765,
      805.8400293986002,
      805.8384897867838,
      805.838427734375,
      805.8384246826172,
      805.8384231567383,
      805.8384231567383,
      805.8384231567383,
      805.8384231567383,
      805.8384231567383,
      805.8384231567383,
      805.8384231567383,
      805.8384231567383,
      805.8384231567383,
      805.8384231567383,
      805.8384231567383,
      805.8384231567383,
      805.8384231567383,
      805.8384231567383,
      805.8384231567383,
      805.8384231567383,
      805.8384231567383,
      805.8384231567383,
      805.8384231567383,
      805.8384231567383,
      805.8384231567383,
      805.8384231567383,
      805.8384231567383,
      805.8384231567383,
      805.8384231567383,
      805.8384231567383,
      805.8384231567383,
      805.8384231567383,
      805.8384231567383,
      805.8384231567383,
      805.8384231567383,
      805.8384231567383,
      805.8384231567383,
      805.8384231567383,
      805.8384231567383,
      805.8384231567383,
      805.8384231567383,
      805.8384231567383,
      805.8384231567383,
      805.8384231567383,
      805.8384231567383,
      805.8384231567383,
      805.8384231567383,
      805.8384231567383,
      805.8384231567383,
      805.8384231567383,
      805.8384231567383,
      805.8384231567383,
      805.8384231567383,
      805.8384231567383
    ],