{
  "train_losses": {
    "reconstruction": [
      800.8838195800781,
      795.420582747259,
      795.5294904949285,
      795.5325398164637,
      795.1487775530134,
      795.964078758945,
      795.0984471425289,
      795.8565763585708,
      795.296968347886,
      795.605014063731,
      795.3830906202813,
      795.669873149455,
      795.8674969072101,
      795.5983400745553,
      795.0828131667706,
      795.3206996116318,
      794.9711311404444,
      794.8205930565586,
      795.31558150604,
      795.5700059137424,
      795.347826661182,
      795.9335325866186,
      795.1914975462842,
      795.2664035829175,
      795.5472113344849,
      794.8837054597229,
      795.6534826454996,
      795.8134984889952,
      795.5367039271763,
      794.972899364824,
      795.1601429145877,
      795.7827427968258,
      795.2912643817292,
      795.4321676302357,
      795.3861848206079,
      795.8621136320739,
      795.326542958492,
      796.1110339765789,
      795.387310124245,
      794.9156899331998,
      796.0132900205981,
      795.8413280839679,
      795.0784135065159,
      795.9490805233227,
      795.7076580143777,
      795.9671220538996,
      795.287235292066,
      794.9463290687369,
      795.5142193962546,
      795.9482797574597,
      795.4439292074252,
      795.1971667634339,
      795.4949992203913,
      795.1191257508863,
      795.2828980774439,
      795.3979684525177,
      795.7899513565192,
      794.9920469652704,
      795.6691093124261,
      795.2953881015296,
      795.5331672219669,
      795.2637461173434,
      795.5159140194164,
      795.1920140370602,
      795.3125079499573,
      795.6040336544775,
      795.8896771599265,
      795.9912606888458,
      795.5536596474527,
      795.1030588871291,
      795.832839581145,
      794.7793352143103,
      795.5943713789227,
      795.1988517697118
    ],
    "dynamics_recon": [
      738.612027977695,
      732.9314849597065,
      732.6403020009274,
      732.5377312668231,
      733.4660317557199,
      733.4637371672302,
      732.8646530023142,
      733.3753346675584,
      732.4957795984604,
      732.6429469004398,
      732.4844546277984,
      733.4313962279248,
      732.5929097408006,
      733.1086459119781,
      732.8423420882025,
      732.9936988894679,
      732.8815030650932,
      732.083611111681,
      732.4310675869469,
      732.7246990043576,
      733.1836604270615,
      733.1274734625296,
      733.3634271701845,
      732.5253719041327,
      732.5358766187139,
      732.1557756952878,
      733.3130422640247,
      733.5089587043313,
      732.3900626046317,
      733.0778643183347,
      732.7623191000033,
      732.9233303550913,
      732.9854420894334,
      732.6151494899717,
      732.4276796228745,
      732.4898973993894,
      732.6544025324973,
      732.7658711922269,
      732.6164568732767,
      733.2809471322709,
      732.6967454156955,
      732.6831965085839,
      732.8166244891511,
      732.757348068622,
      732.5582917798467,
      732.9404508446445,
      733.2968122979172,
      732.934817658753,
      733.1065753327698,
      733.1820955677193,
      732.8449315944639,
      732.2261140967618,
      732.3880352372882,
      732.1701094683478,
      732.962476073193,
      733.116919509503,
      733.1245689071527,
      733.508361559956,
      732.7859045717896,
      732.9436690386603,
      733.0951312409729,
      733.0730824190027,
      732.4354551940405,
      733.3627043651934,
      732.5455650521927,
      732.8784007865842,
      733.5523208489939,
      732.9008081259848,
      732.876242501395,
      733.3656918822217,
      732.5611509435317,
      732.6425470945214,
      733.1517460927242,
      733.1265710141479
    ],
    "dynamics_consistency": [
      0.20050615198472946,
      0.0010819843619403492,
      0.0004020159907392989,
      0.00020958449706941952,
      0.00012944887191583765,
      8.848431049855895e-05,
      6.360414962567601e-05,
      4.7257908758978325e-05,
      3.611329695001181e-05,
      2.8216289311946157e-05,
      2.2412386049133502e-05,
      1.8079649218649873e-05,
      1.540929159993172e-05,
      1.3874510712588086e-05,
      1.2444338212959383e-05,
      1.109549949154168e-05,
      9.891832492565514e-06,
      8.80033550814716e-06,
      7.809379681708654e-06,
      6.922272295675512e-06,
      6.09730659179906e-06,
      5.3683667257062845e-06,
      4.727443417166551e-06,
      4.283949609647102e-06,
      3.995619733967094e-06,
      3.7294155873007354e-06,
      3.440620533741317e-06,
      3.1683389770076996e-06,
      2.9153028259017693e-06,
      2.6628309961959055e-06,
      2.42963555273636e-06,
      2.2127405139779037e-06,
      2.003092694186315e-06,
      1.8120735432580467e-06,
      1.6721019022725159e-06,
      1.5819559568116415e-06,
      1.4896639810990372e-06,
      1.3985242305625815e-06,
      1.3103397704474698e-06,
      1.2167437385179797e-06,
      1.1568390089750966e-06,
      1.0446847972459847e-06,
      9.61752272085031e-07,
      8.815783110500368e-07,
      8.040978828217367e-07,
      7.488391770947555e-07,
      7.109985063522356e-07,
      6.738102069879223e-07,
      6.358281717380009e-07,
      5.976954442861321e-07,
      5.603093517375599e-07,
      5.208137728069622e-07,
      4.822203493284812e-07,
      4.436971837186175e-07,
      4.0395748741184623e-07,
      3.5776172036450415e-07,
      3.2665285029257317e-07,
      3.0773332276063617e-07,
      2.897664994672611e-07,
      2.719822117665028e-07,
      2.5560255184491285e-07,
      2.3825482790035501e-07,
      2.2214828717175975e-07,
      2.1141843487844427e-07,
      1.9119400341929756e-07,
      1.7733788676188483e-07,
      1.6356590473837243e-07,
      1.535466451875012e-07,
      1.4679341421959967e-07,
      1.4010201666590398e-07,
      1.3325309104132186e-07,
      1.2628016599163275e-07,
      1.1928918852897117e-07,
      1.1223474361279463e-07
    ],
    "total": [
      1539.6963495847558,
      1528.3531550559676,
      1528.170196276753,
      1528.0704776539521,
      1528.6149404830292,
      1529.427905683758,
      1527.963154255843,
      1529.2319361582524,
      1527.79276256401,
      1528.2479648109243,
      1527.867542427127,
      1529.1012773273371,
      1528.460411264115,
      1528.7069897050617,
      1527.9251570501247,
      1528.3144002962513,
      1527.852631384585,
      1526.904203527114,
      1527.7466487083113,
      1528.2947013277967,
      1528.5314869600184,
      1529.0610038693212,
      1528.5549249729188,
      1527.7917788209033,
      1528.0830867991729,
      1527.0394805138853,
      1528.9665240119484,
      1529.3224548852745,
      1527.9267690963104,
      1528.050764837185,
      1527.922464322643,
      1528.706073151917,
      1528.2767098050158,
      1528.04731968471,
      1527.8138679055608,
      1528.3520153911174,
      1527.980947286141,
      1528.8769026043035,
      1528.00376520237,
      1528.1966378348213,
      1528.7100394112724,
      1528.5245202328979,
      1527.895035944065,
      1528.7064337209492,
      1528.2659491530987,
      1528.907568154215,
      1528.5840490004596,
      1527.881149163767,
      1528.6207896000196,
      1529.1303782743566,
      1528.288861955915,
      1527.4232813730962,
      1527.8830356117055,
      1527.2892322700566,
      1528.2453746635372,
      1528.5148920652246,
      1528.9145169298188,
      1528.500403652672,
      1528.45501298664,
      1528.2390562426142,
      1528.6282989758404,
      1528.3368268694196,
      1527.9513688287816,
      1528.5547203256303,
      1527.8580737715008,
      1528.4824393136162,
      1529.4419981371454,
      1528.8920724051338,
      1528.4299070214024,
      1528.4687464096967,
      1528.3939921916033,
      1527.421884745109,
      1528.7461147789195,
      1528.3254204758075
    ]
  },