{
  "train_losses": {
    "reconstruction": [
      741.0139761532055,
      738.192853783359,
      737.9389190673828,
      738.013442864939,
      738.6638656744436,
      737.7096932034533,
      737.9282297086315,
      738.2777838186056,
      738.3590531549534,
      738.4274057340222,
      737.8938992283926,
      738.644598568187,
      738.3274423294708,
      737.638562242524,
      738.5952098429703,
      737.9461355770336,
      737.7069170014197,
      737.8176967075893,
      737.6790294486935,
      737.612201594505,
      738.0793073638147,
      738.2933965089942,
      737.9675384008584,
      738.1293001575631,
      737.8253332827271,
      738.5917714864266,
      737.9740335159943,
      738.0100765709116,
      737.9552943125492,
      737.6695884896927,
      737.9477773714466,
      738.1729899174026,
      738.0851187826205,
      737.9752587069984,
      737.826383446445,
      737.9562040697626,
      737.8805504806903,
      738.1922636913653,
      738.3555365810876,
      738.6490801642923,
      738.3569855249228,
      737.506500628816,
      738.3899581011603,
      737.9218056302111,
      738.2924326407809,
      738.0617560378644,
      738.2984873026359,
      738.4713079628824,
      738.5352344673221,
      738.1353722580341,
      738.6483824914243,
      737.6379411200516,
      737.7503892914588,
      737.8276472332097,
      738.1873243315881,
      738.0208478655134,
      738.1951137510669,
      737.9379326315487,
      738.5643111797942,
      738.0393354912766,
      738.2548584497275,
      737.8376150692211,
      738.5542543555508,
      738.2242825291738,
      738.2001044008912,
      738.8101968204273,
      738.2025102887835,
      738.062582448751,
      737.720743259462,
      738.1644776929327,
      738.0241504316571,
      738.6449581114184,
      738.6241539706702,
      738.2519386355616,
      737.768659960322,
      737.9825565113741,
      737.4704198757139
    ],
    "dynamics_recon": [
      683.0776292816931,
      679.7986829741662,
      678.8569464162618,
      678.8549541826007,
      679.5879328110639,
      678.6517654547171,
      679.3521498992664,
      679.1354849679129,
      679.082147293732,
      679.2664743631827,
      679.7118405895072,
      679.1774350975742,
      679.1014043984293,
      679.3797011175076,
      679.0979678370371,
      680.028914892373,
      678.9465792359424,
      678.4251357647552,
      679.5486706645548,
      678.588083860253,
      678.9275356260669,
      679.5496963372751,
      679.1155286516462,
      679.7877844802472,
      679.2228820544331,
      679.9293407792804,
      679.0063181644729,
      679.2340567452567,
      679.9685480454389,
      679.5921346199613,
      679.0743473597935,
      679.4998429242303,
      678.560255034631,
      679.1565550475561,
      679.6826200084525,
      679.310434036896,
      678.9803037242729,
      679.037910140863,
      679.4029203783564,
      679.6588466868681,
      679.114281662372,
      679.5910731724331,
      679.3894841811236,
      679.504567122259,
      679.341669932133,
      679.5275662205801,
      678.850910347049,
      679.7507516556427,
      678.9662455069919,
      679.0887431938107,
      678.9407603800797,
      679.1880077714679,
      679.4168139545858,
      679.1337650844029,
      679.0890699114118,
      679.2634510713465,
      679.4467155392431,
      679.4163763222574,
      679.6982026941636,
      679.6956476804589,
      679.39756941595,
      679.4723191461643,
      679.5503488749015,
      679.7794839554474,
      679.4864986644071,
      679.8838898474429,
      678.931515733735,
      679.2932549484638,
      679.3348363026852,
      679.3236427627692,
      679.1005168241613,
      679.717338369674,
      679.1708129113462,
      679.1295890487543,
      680.0778648312353,
      679.0529290207294,
      679.5117073379645
    ],
    "dynamics_consistency": [
      0.010869530479462314,
      3.0697064676515006e-05,
      8.59551066639119e-06,
      5.299372021511795e-06,
      4.17347146827799e-06,
      3.539539440734028e-06,
      3.095100052495345e-06,
      2.7380065435068946e-06,
      2.4363753178446484e-06,
      2.1712586230398087e-06,
      1.9363764024757157e-06,
      1.7244839394901219e-06,
      1.5765203119287947e-06,
      1.4811667416752778e-06,
      1.3855349472479026e-06,
      1.2904161546445545e-06,
      1.196860315788957e-06,
      1.1049763431493229e-06,
      1.016017420351618e-06,
      9.303855884778738e-07,
      8.483313920618564e-07,
      7.70285875465301e-07,
      6.967929138926508e-07,
      6.435925037649901e-07,
      6.084638130710309e-07,
      5.73082712280513e-07,
      5.370001073355096e-07,
      5.011074493319686e-07,
      4.655163758784778e-07,
      4.305726036329529e-07,
      3.965037341221883e-07,
      3.635926742952185e-07,
      3.31873738231166e-07,
      3.0154876007233397e-07,
      2.7971260982487837e-07,
      2.652101589992067e-07,
      2.503715737516512e-07,
      2.3536806795255726e-07,
      2.2030904129944262e-07,
      2.0529535204962736e-07,
      1.9059311732584732e-07,
      1.7615679318973392e-07,
      1.6206136381328668e-07,
      1.484911178891218e-07,
      1.3553526399800448e-07,
      1.2601122867104018e-07,
      1.1970608231270474e-07,
      1.1325126442616352e-07,
      1.0674676777991691e-07,
      1.0028861031266288e-07,
      9.386125711210933e-08,
      8.748221362259588e-08,
      8.122213346713075e-08,
      7.508831308367757e-08,
      6.921710350354238e-08,
      6.365155174925437e-08,
      5.947790419284257e-08,
      5.670769342058417e-08,
      5.389482748414441e-08,
      5.105378940894649e-08,
      4.818001707773316e-08,
      4.532477567121372e-08,
      4.252076515723836e-08,
      3.9759021874994434e-08,
      3.7075944853930716e-08,
      3.4453396833912716e-08,
      3.191522676389992e-08,
      3.005177240949177e-08,
      2.8810313179023826e-08,
      2.7539090515008047e-08,
      2.6252353239921158e-08,
      2.4956859107783395e-08,
      2.366640681374111e-08,
      2.2382546818767733e-08,
      2.1119362050031293e-08,
      1.9876213392253818e-08,
      1.8668377641136777e-08
    ],