{
  "train_losses": {
    "reconstruction": [
      742.069937056854,
      738.0650600144843,
      738.13606762285,
      738.1953607126444,
      738.2611082702124,
      737.950148638557,
      738.7835125322101,
      738.5391502059808,
      738.9105918307264,
      737.9516083533023,
      738.0414906990628,
      738.255094383945,
      738.1685207591337,
      737.8210100446429,
      737.8163959919906,
      738.3313893550584,
      738.1501998260242,
      737.7978570761801,
      738.2849648098986,
      737.592669318704,
      738.1041209757828,
      737.8223062723624,
      737.8706421411338,
      738.1657289136358,
      738.1714996850791,
      738.4602625229779,
      738.4499514283252,
      737.698107679351,
      738.4531465418198,
      738.5925103195575,
      738.1236287605863,
      738.2363990334903,
      738.8942129952567,
      738.7193184219489,
      737.8470925723805,
      737.9535423727597,
      738.0781223072726,
      738.0212589552423,
      738.412178873014,
      738.3973182229435,
      738.7203696114676,
      738.1062457942161,
      738.6150522953322,
      737.9727805001395,
      737.6937863646435,
      738.1699159766446,
      737.9739779945181,
      738.0496311989151,
      738.0850790328338,
      737.8868046608292,
      738.25860467478,
      737.7714466768152,
      737.7293375480075,
      738.1962100758273,
      737.6395304703913,
      738.1959958116547,
      738.3452958820246,
      738.3041797285321,
      738.2111736906677,
      738.3856657653296,
      737.7935896160222,
      738.2727663697315,
      738.440027060629,
      738.4952624665589,
      738.2423609885849,
      739.050620583927,
      737.6716152159106,
      737.9759857434185,
      738.055083459165,
      738.3826177260455,
      738.4233649758731,
      737.4586788145434,
      737.8477393398766,
      738.3446071849149,
      738.0117947874951,
      737.6907699969636,
      737.9526185107832,
      737.9542510729877,
      738.1293509347098,
      738.3394962599298,
      738.4022588649717,
      737.8032026531316,
      737.8279270204175,
      738.4721409132501,
      738.1740640592175,
      737.7974221365793,
      738.0567311519334
    ],
    "dynamics_recon": [
      683.4969318293723,
      679.9678120332605,
      678.8157847428522,
      679.7913319563665,
      679.5593906691095,
      679.1116595869305,
      678.9055250151819,
      679.5535378335904,
      679.7292801031546,
      679.253173828125,
      679.381669885972,
      679.1697487710904,
      679.063829181575,
      679.096164222525,
      679.1975677233784,
      679.7998684153837,
      678.9262205492548,
      679.4144331988166,
      679.8700383290524,
      679.088513414399,
      678.9495264902836,
      678.8573787913602,
      679.13675131918,
      679.165660826098,
      679.7619518632648,
      679.0912230675962,
      678.966801234654,
      679.7117407021402,
      679.5680267590435,
      679.3546722155659,
      678.9141957258978,
      679.0109393977317,
      679.1302782587644,
      679.6089153129514,
      679.0569042558429,
      679.0784932625394,
      679.7481345809808,
      679.3690165030856,
      679.1231595848789,
      679.7403864499902,
      679.3086397828174,
      679.2650646562336,
      679.9261464351365,
      679.021721976144,
      679.6377316002084,
      679.0941728864398,
      679.0083336068802,
      679.9094743488215,
      679.0287719213662,
      679.3740972951681,
      679.0744295520943,
      679.4311897854845,
      679.7332381561023,
      679.6977212088449,
      679.2110139221704,
      679.9091410917395,
      679.6975873418215,
      679.2544686453683,
      679.2246993890329,
      679.6182739514263,
      678.6879401968307,
      679.1578207576977,
      679.5950476381959,
      679.4891998547466,
      678.9593101950253,
      679.528017572996,
      679.2668660909188,
      679.0514300690979,
      680.3494115236426,
      679.4075312253808,
      679.9036167689732,
      679.1533430083459,
      679.5888448763294,
      680.3729918664243,
      679.2537031414129,
      679.017712633149,
      679.2768888072807,
      679.4946153143875,
      679.0919472830636,
      679.4126867727072,
      679.6563891242532,
      679.1697895466781,
      679.2003908558053,
      679.1150088270172,
      679.660754163726,
      679.8179067403329,
      678.9648083598673
    ],
    "dynamics_consistency": [
      0.0724196916104242,
      9.418382159455781e-05,
      6.577888812256894e-05,
      5.0150814480608045e-05,
      3.971210458649013e-05,
      3.216758523958866e-05,
      2.6428886034592943e-05,
      2.195013506888772e-05,
      1.836827582987358e-05,
      1.5471762769472562e-05,
      1.3100474656572e-05,
      1.114390473988909e-05,
      9.877685133382206e-06,
      9.09307728004994e-06,
      8.338671705132583e-06,
      7.622083579107533e-06,
      6.942230158085845e-06,
      6.303198118939308e-06,
      5.704709146735665e-06,
      5.1505222728803895e-06,
      4.639315204808592e-06,
      4.165239160743915e-06,
      3.7333796500519873e-06,
      3.4307453721079843e-06,
      3.2327775968707184e-06,
      3.034432234208074e-06,
      2.8376096178890142e-06,
      2.642939765975535e-06,
      2.4522661143626986e-06,
      2.26714927284316e-06,
      2.0881270737837984e-06,
      1.9160913407482563e-06,
      1.7530891843781326e-06,
      1.5982109160352844e-06,
      1.4867897165527784e-06,
      1.4127263205241548e-06,
      1.337193518296573e-06,
      1.2607842316302755e-06,
      1.1843064238051096e-06,
      1.1082599041951692e-06,
      1.0330679085960706e-06,
      9.59719391882855e-07,
      8.884985071412715e-07,
      8.194733138565379e-07,
      7.530381787714645e-07,
      7.046844618493074e-07,
      6.720780261428506e-07,
      6.386772225260077e-07,
      6.046709039432657e-07,
      5.703037653106816e-07,
      5.359755443576341e-07,
      5.016871754179658e-07,
      4.678481501218239e-07,
      4.347143407598838e-07,
      4.023530588964979e-07,
      3.7114293197665585e-07,
      3.483449440310102e-07,
      3.3292407862472445e-07,
      3.171554162824631e-07,
      3.0117182539092057e-07,
      2.8496361605788435e-07,
      2.686426421596556e-07,
      2.522700880535349e-07,
      2.360542763311923e-07,
      2.2007466722560585e-07,
      2.0440957520466464e-07,
      1.892000038320024e-07,
      1.779893322252844e-07,
      1.70416675848437e-07,
      1.625807402804242e-07,
      1.5458555494870864e-07,
      1.4648482046400853e-07,
      1.3831198075928773e-07,
      1.301045541031501e-07,
      1.2198142149027988e-07,
      1.1393981431180553e-07,
      1.0610591059746963e-07,
      9.846992527815867e-08,
      9.284192931160469e-08,
      8.902877422393552e-08,
      8.51104084464329e-08,
      8.110621895851357e-08,
      7.70451217446304e-08,
      7.295199819025072e-08,
      6.886278438234719e-08,
      6.47932360388453e-08,
      6.077634777892005e-08
    ],