{
  "train_losses": {
    "reconstruction": [
      783.4083386589499,
      779.9087873186384,
      780.1710235852154,
      780.7995310550979,
      779.5479209322889,
      779.9676656001756,
      779.9953495314141,
      779.3394793342142,
      780.4190727682675,
      779.4067082765723,
      780.0202944459033,
      780.8270979168035,
      779.4108914928275,
      780.0923701695034,
      780.1951460637966,
      779.5955097615218,
      779.7787308893284,
      779.8214725526441,
      780.4945964652951,
      780.354226248605,
      780.1796731387867,
      779.5042811802456,
      779.6445404822085,
      780.8049384365563,
      779.7612918885816,
      779.7491842317982,
      779.8695168374967,
      779.6273537002692,
      779.6383620831145,
      780.2769016297925,
      779.6170669683889,
      780.6463930787158,
      779.9754943847656,
      780.6812656947544,
      780.0657817936745,
      779.5628869834067,
      779.9069575462021,
      779.5164361520975,
      780.1859697614398,
      779.4699768579306,
      780.2336718134519,
      779.4991470465139,
      780.7794038147485,
      779.7455564867548,
      779.6915216526064,
      779.1655032374277,
      780.3955065302488,
      780.0882927389706,
      780.3125900140329,
      780.2521254595588,
      779.2737811433167,
      779.8548728878759,
      780.7881367146468,
      779.9994800471458,
      779.988206366531,
      779.4720133292575,
      780.0387934837021,
      780.2623591062402,
      779.7498897263984,
      780.0148620605469,
      780.3284291499803
    ],
    "dynamics_recon": [
      726.9925342207196,
      723.0956658114906,
      723.3562765682445,
      723.6892037271451,
      722.7865759585084,
      723.7159617448053,
      723.1135596267316,
      723.4644616391479,
      723.7355056890921,
      723.259500840131,
      724.0774593834116,
      723.6579784745929,
      722.8505432385357,
      723.1382895076977,
      723.1426459560876,
      723.9393502884552,
      723.694280544249,
      723.6565376089401,
      723.9971585313813,
      723.4732528814749,
      723.7894096053949,
      723.6276999080883,
      723.3624335537438,
      723.4217733174813,
      723.5256027093454,
      723.6670705330472,
      723.7017064455176,
      723.1883338479435,
      723.0397749187566,
      723.1026317692605,
      723.1725729293182,
      723.6748309736493,
      723.7929877273175,
      723.3363587195132,
      723.1818273207721,
      723.2058515789129,
      723.1019196069541,
      723.5865479797876,
      723.2074375953995,
      723.5309254622259,
      723.6648689077682,
      723.1718337115119,
      723.6799179205374,
      723.1970482834247,
      723.1830887994846,
      722.7027404528706,
      723.0621669993681,
      723.7877074169512,
      723.6383186147995,
      724.4763601607635,
      723.8512975869058,
      722.8679114590173,
      723.5824420832786,
      723.9122426008978,
      723.5337614171646,
      723.1974147508124,
      723.323603525883,
      723.5904235839844,
      723.505173627068,
      723.2857563435531,
      723.4690187598477
    ],
    "dynamics_consistency": [
      0.07359737769919232,
      0.00028437604548550455,
      0.00020898775940569227,
      0.0001574546745780194,
      0.00012120932076853199,
      9.474793453691058e-05,
      7.511902953135613e-05,
      6.0229214597268404e-05,
      4.8815626534266484e-05,
      3.989593248103624e-05,
      3.285766701954329e-05,
      2.7257201127060336e-05,
      2.371699403983173e-05,
      2.1577908396351586e-05,
      1.9556673884048407e-05,
      1.7664823893127725e-05,
      1.5891136623211714e-05,
      1.4256896076954073e-05,
      1.278436218685898e-05,
      1.1379403848640773e-05,
      1.012758653019819e-05,
      8.995428414578293e-06,
      7.959424381227132e-06,
      7.229286584028037e-06,
      6.762563131104332e-06,
      6.3029644074615e-06,
      5.850529036053115e-06,
      5.41024715636288e-06,
      4.984891196757974e-06,
      4.5744597566929866e-06,
      4.183000175483151e-06,
      3.8117298815274556e-06,
      3.4619947970567094e-06,
      3.1331727942575955e-06,
      2.895802043810875e-06,
      2.7373061055247696e-06,
      2.5777502906450783e-06,
      2.4181486895856836e-06,
      2.2590731624259512e-06,
      2.102053772547197e-06,
      1.9477056593659503e-06,
      1.7973400109180408e-06,
      1.6530468942733978e-06,
      1.5141906762911283e-06,
      1.3813243784728406e-06,
      1.2856220074476782e-06,
      1.2212967221364865e-06,
      1.1558771069100941e-06,
      1.0897706483545243e-06,
      1.0234112463773777e-06,
      9.57212012674766e-07,
      8.916717408432183e-07,
      8.275936460652419e-07,
      7.650069957752512e-07,
      7.045499569453606e-07,
      6.464740731682483e-07,
      6.041192137240805e-07,
      5.756560919523332e-07,
      5.464929847962708e-07,
      5.198020331550544e-07,
      4.867477517963448e-07
    ],
    "total": [
      1510.4744719176733,
      1503.0047433035713,
      1503.5275050571986,
      1504.4888700597426,
      1502.3346252441406,
      1503.6837447991893,
      1503.1090295615315,
      1502.8039838005516,
      1504.1545835863642,
      1502.666214117483,
      1504.09775370109,
      1504.4850786994484,
      1502.2614335773371,
      1503.2306616005778,
      1503.3377941997112,
      1503.5348587677258,
      1503.4730091255253,
      1503.4780073406316,
      1504.4917546120012,
      1503.8274828486083,
      1503.9690869756105,
      1503.1319831399358,
      1503.0069744206276,
      1504.2267107282366,
      1503.286894469702,
      1503.4162582269237,
      1503.571220846737,
      1502.8156876764378,
      1502.6781405921743,
      1503.3795325014771,
      1502.7896420775342,
      1504.3212249499409,
      1503.7684839072347,
      1504.017626850545,
      1503.2476109095983,
      1502.7687377929688,
      1503.0088752297795,
      1503.1029827214088,
      1503.393407997965,
      1503.0008965500263,
      1503.8985390542937,
      1502.6709794757746,
      1504.4593192990087,
      1502.9426002823004,
      1502.8746117343421,
      1501.8682415104713,
      1503.4576698110884,
      1503.8759955398175,
      1503.9509054232044,
      1504.728486389673,
      1503.125083602777,
      1502.7227834493171,
      1504.3705777721245,
      1503.9117195706408,
      1503.5219721433496,
      1502.6694294905462,
      1503.3623995740875,
      1503.8527826902246,
      1503.2550623276654,
      1503.30061866055,
      1503.7974504743304
    ]
  },