{
  "train_losses": {
    "reconstruction": [
      796.949430321445,
      790.7905393969111,
      791.3983519738462,
      790.997155966879,
      791.1003028164391,
      790.6216942282284,
      790.6447856486344,
      791.3334989147025,
      790.3077047652557,
      790.6589661926782,
      791.2809850869058,
      790.9690074760373,
      790.5603996725644,
      790.5380961955094,
      791.2187741063223,
      790.8815487132352,
      790.4223135299042,
      790.4354081354221,
      791.6461661202567,
      790.6982439826517,
      791.1486065007058,
      790.5900555778952,
      791.5413808101365,
      790.6221481451468,
      790.612547802324,
      790.9263236422498,
      789.9879119616596,
      791.0015661415933,
      790.6623347947577,
      790.7889396603368,
      791.3146476425043,
      790.7029370219767,
      790.3685159122242,
      790.2989053165211,
      791.2272074723444,
      791.2639806410846,
      790.9580103770023,
      791.0774346359638,
      790.9395710921087,
      790.9351925889985,
      791.1079942719275,
      790.9546092057428,
      790.3413439838827,
      791.4136417933872,
      790.8096216025473,
      791.2164193802521,
      790.3536782144498,
      791.0883599289325,
      790.3909760803735,
      791.5024829511883,
      790.4357315191702,
      791.2195320449957,
      791.0753087917295,
      790.9110210001969,
      790.9902464281611,
      790.8872885824252,
      790.9717518782415,
      790.978981082179
    ],
    "dynamics_recon": [
      736.1097064619305,
      730.4023193872275,
      730.7780039811335,
      730.6062396394104,
      730.1640767329881,
      730.2796789858521,
      730.0205362784762,
      730.3292367117746,
      729.8191736045004,
      730.3732047201205,
      730.2377774535107,
      729.6663860673664,
      730.168650266503,
      730.595311397264,
      730.1281933183429,
      730.5369346041639,
      730.8521392565815,
      730.8080076329849,
      730.4598496380975,
      730.2964885294938,
      729.875632534508,
      729.941464848879,
      730.8505497780167,
      730.315285434242,
      729.8814407476858,
      729.9604708887949,
      730.6150034415622,
      730.040528369551,
      730.1283188507336,
      730.215800694057,
      729.7419093797187,
      730.5590013776507,
      729.8493683117779,
      730.6502930456851,
      730.3289903913226,
      730.2578780230353,
      729.8957296419544,
      730.4347608550256,
      730.3007597081802,
      730.3138093066816,
      730.1536493381533,
      730.2954659341764,
      730.2298691693475,
      729.7593850528492,
      729.766513600069,
      729.89780817112,
      730.476014465845,
      730.5415073683282,
      730.3002830954159,
      730.338427631795,
      729.4496645887359,
      729.9946251877216,
      729.8934868564124,
      729.9913155691964,
      730.2210627964565,
      730.4523060261703,
      730.2174070983374,
      730.2263752913275
    ],
    "dynamics_consistency": [
      0.11956594512208968,
      0.0005771600286194569,
      0.00022436399648686041,
      0.00011788478322992857,
      7.247950015269208e-05,
      4.78778777834436e-05,
      3.275099525966989e-05,
      2.366459005568059e-05,
      1.7864988032150514e-05,
      1.3819870325866813e-05,
      1.0934579902731602e-05,
      8.785188304752692e-06,
      7.511797458628739e-06,
      6.76609230874167e-06,
      6.080815968239565e-06,
      5.450414013497369e-06,
      4.870732777435325e-06,
      4.343681357262417e-06,
      3.868926160448762e-06,
      3.4410318307471074e-06,
      3.055821861965212e-06,
      2.7085292919130118e-06,
      2.3997941779645556e-06,
      2.1857038756529276e-06,
      2.0494965203871297e-06,
      1.9126815290360926e-06,
      1.7793229232642979e-06,
      1.6490350037561218e-06,
      1.5222003162116304e-06,
      1.4001584075617183e-06,
      1.2832738093971067e-06,
      1.1725367085186956e-06,
      1.068079846490258e-06,
      9.727408541852999e-07,
      9.024664866463339e-07,
      8.537756192261807e-07,
      8.066131435609213e-07,
      7.595582050158601e-07,
      7.125703292854842e-07,
      6.655218972817605e-07,
      6.194604606075738e-07,
      5.746511058001457e-07,
      5.311040184597386e-07,
      4.892535728260111e-07,
      4.490644514618464e-07,
      4.2022787583215833e-07,
      4.0058370890411435e-07,
      3.8055328998955955e-07,
      3.6026168458146985e-07,
      3.3963730794730583e-07,
      3.191135177132287e-07,
      2.988645414061351e-07,
      2.7870603187783434e-07,
      2.590872943786611e-07,
      2.4003828198691497e-07,
      2.2146467248309336e-07,
      2.0848217162722926e-07,
      1.9865706444560976e-07
    ],
    "total": [
      1533.17870016659,
      1521.193433232668,
      1522.1765813747375,
      1521.6035269088104,
      1521.2644535353204,
      1520.9013918067226,
      1520.665330902869,
      1521.6627392167804,
      1520.1268790108818,
      1521.0321783498555,
      1521.5187665153953,
      1520.6353975183824,
      1520.729048272141,
      1521.1334054129463,
      1521.346969476267,
      1521.4184826762737,
      1521.27445765904,
      1521.2434215385372,
      1522.1060160148043,
      1520.9947314863446,
      1521.0242404456899,
      1520.5315226066011,
      1522.3919308446034,
      1520.937432810038,
      1520.4939890629103,
      1520.8867900431658,
      1520.6029129669446,
      1521.0420911772912,
      1520.7906560817687,
      1521.0047356100642,
      1521.056555996422,
      1521.2619418617055,
      1520.2178867885045,
      1520.9492013113838,
      1521.5561933757879,
      1521.5218577665441,
      1520.8537330948004,
      1521.5121988248425,
      1521.2403308002888,
      1521.249004973083,
      1521.2616495084362,
      1521.2500810382746,
      1520.5712100758271,
      1521.1730269744617,
      1520.576141613872,
      1521.114230628775,
      1520.829692936745,
      1521.6298674254858,
      1520.6912580217634,
      1521.8409121216846,
      1519.8853964925813,
      1521.2141564633666,
      1520.9687930836396,
      1520.902334004891,
      1521.2113047367384,
      1521.3395970448726,
      1521.1891597459296,
      1521.2053563735064
    ]
  },
  "val_losses": {
    "reconstruction": [
      807.0399129231771,
      807.0372039794922,
      807.0370325724284,
      807.036984761556,
      807.0369654337566,
      807.0369583129883,
      807.0369583129883,
      807.0369557698567,
      807.0369557698567,
      807.0369557698567,
      807.0369557698567,
      807.0369557698567,
      807.0369557698567,
      807.0369557698567,
      807.0369557698567,
      807.0369557698567,
      807.0369557698567,
      807.0369557698567,
      807.0369557698567,
      807.0369557698567,
      807.0369557698567,
      807.0369557698567,
      807.0369557698567,
      807.0369557698567,
      807.0369557698567,
      807.0369557698567,
      807.0369557698567,
      807.0369557698567,
      807.0369557698567,
      807.0369557698567,
      807.0369557698567,
      807.0369557698567,
      807.0369557698567,
      807.0369557698567,
      807.0369557698567,
      807.0369557698567,
      807.0369557698567,
      807.0369557698567,
      807.0369557698567,
      807.0369557698567,
      807.0369557698567,
      807.0369557698567,
      807.0369557698567,
      807.0369557698567,
      807.0369557698567,
      807.0369557698567,
      807.0369557698567,
      807.0369557698567,
      807.0369557698567,
      807.0369557698567,
      807.0369557698567,
      807.0369557698567,
      807.0369557698567,
      807.0369557698567,
      807.0369557698567,
      807.0369557698567,
      807.0369557698567,
      807.0369557698567
    ],