{
  "train_losses": {
    "reconstruction": [
      787.7306050533006,
      782.3144367121848,
      781.7667831292673,
      781.9872541668035,
      781.4414876729501,
      782.1140486773322,
      781.8478175571987,
      781.6356396074054,
      781.407279775924,
      781.4548592447233,
      782.3769946699383,
      781.9507941238019,
      782.1190154772846,
      781.8985228979287,
      781.8821141860064,
      781.9161559032793,
      781.6178896607471,
      782.2578632771468,
      781.683999582499,
      782.1377781459263,
      782.2854387299353,
      782.6889098351743,
      782.039425889985,
      781.5550260143119,
      781.6154110692129,
      782.399604989701,
      781.9116599459608,
      782.2583295036765,
      782.6575714880679,
      781.9564096146271,
      782.1478024009897,
      782.1366407891281,
      782.8372833508404,
      782.0640717834985,
      782.0969261361771,
      782.397931780134,
      781.4655507833016,
      782.3072041743943,
      781.608666427997,
      782.3066211347821,
      782.0930627133666,
      782.7600125865775,
      781.3702660568622,
      782.3077743914948,
      782.2017027269892,
      781.9104489879447,
      782.3202937791327,
      782.7576799152278,
      782.5028340315619,
      781.6711714287766,
      781.533837839335,
      782.4213095272289,
      782.6201666823956,
      782.043582948316,
      782.1447759035254,
      781.9062094808627,
      782.2965667468159,
      781.7760661149225,
      781.8303629129874,
      781.9200392009832,
      782.302787588424,
      782.0364488874163,
      782.207323090369,
      782.4825921579569,
      782.8797121448678,
      781.9749463506106,
      781.6324156432593,
      782.4984266778,
      782.1019841041885,
      782.9016477440586,
      781.6087505436745,
      782.2660196769137,
      782.1640319824219,
      782.1983679763409,
      782.2843781799829,
      781.9691303157005,
      781.7094966343471,
      781.8324015641413,
      782.2498551056165,
      781.7696471655069,
      781.8137062136866,
      782.4002508596212,
      782.235643402869
    ],
    "dynamics_recon": [
      727.5962877033137,
      722.2628062272272,
      722.2859950987231,
      722.6440342494419,
      722.0066911713416,
      722.1077043549353,
      721.4245277212448,
      721.7393184629809,
      721.6825549983176,
      722.0434747263163,
      722.2877857624984,
      722.6540014443277,
      722.2340327671596,
      722.5762595809808,
      721.4493818523504,
      722.0564911145123,
      722.5630873992664,
      722.3769340194574,
      721.9116641773898,
      722.1133694688813,
      722.1282448648404,
      721.9581465520779,
      722.8149407651244,
      722.235022793297,
      721.7499828178342,
      722.3527994877151,
      722.1127285997406,
      722.3405941233915,
      722.2461422190946,
      721.6111413010028,
      722.6756425104221,
      721.8712079985803,
      722.5312915449383,
      722.1787668436515,
      721.9999867928128,
      722.098755523938,
      722.0987762964072,
      722.4506067869042,
      722.5475549778017,
      722.077972027434,
      721.800939736246,
      722.4189927557937,
      722.0532189377216,
      722.2659767214991,
      722.4707800600709,
      722.5633265391117,
      721.9633121009634,
      722.11672101702,
      722.5481303239069,
      722.130134518407,
      722.2673873260242,
      722.1786618272797,
      722.2293201093914,
      722.3199541107947,
      722.3621405593487,
      722.3002561681411,
      722.472527127306,
      722.053683753775,
      722.0603279947233,
      722.5579585227646,
      722.143512373211,
      722.10632606314,
      722.2757440134257,
      722.1075971587366,
      722.6952482592158,
      721.7305910767627,
      721.7376280712481,
      721.7044685427882,
      722.1384276061499,
      722.7782026018415,
      722.2070979270615,
      722.0733950318408,
      722.0209168506269,
      721.8910407058331,
      722.1519072716977,
      722.3298369335528,
      722.359046230797,
      722.1982812961611,
      721.9986768450055,
      721.6876970820066,
      721.994972934242,
      722.1488685928473,
      721.8156501064782
    ],
    "dynamics_consistency": [
      0.030727838391108323,
      0.00020373629295976906,
      0.0001290965483807851,
      8.719343312644495e-05,
      6.259786284829738e-05,
      4.714273736222638e-05,
      3.7029469442758525e-05,
      2.992851470113818e-05,
      2.48065224229681e-05,
      2.086136701950063e-05,
      1.7815235171555357e-05,
      1.5350876986938128e-05,
      1.3752961112608196e-05,
      1.2775508059134796e-05,
      1.1828205649234245e-05,
      1.0925550437421698e-05,
      1.0088380707072378e-05,
      9.257543843741892e-06,
      8.482218364031937e-06,
      7.758228846551985e-06,
      7.079253617182282e-06,
      6.4350844175870795e-06,
      5.8398973353269725e-06,
      5.418892489133748e-06,
      5.138709201589848e-06,
      4.854306794874267e-06,
      4.56879433076814e-06,
      4.286326001794591e-06,
      4.008382115669428e-06,
      3.7298562054794663e-06,
      3.460133262026012e-06,
      3.1997935763660998e-06,
      2.949658005682144e-06,
      2.7078344752195687e-06,
      2.5301296978650804e-06,
      2.410737375371622e-06,
      2.2899102595445337e-06,
      2.1678024333076403e-06,
      2.0447525320141265e-06,
      1.9213574082183003e-06,
      1.7974886459494944e-06,
      1.6774050955407939e-06,
      1.5565649191022898e-06,
      1.4423503239126944e-06,
      1.3319166725500317e-06,
      1.2474123783734843e-06,
      1.1922208930344891e-06,
      1.135440725613248e-06,
      1.0774844728713725e-06,
      1.0191845066050014e-06,
      9.607768808140111e-07,
      9.022744163165717e-07,
      8.436687139004514e-07,
      7.867485036410066e-07,
      7.306841477194754e-07,
      6.743540598013131e-07,
      6.309022216102767e-07,
      6.031608968547104e-07,
      5.751020731830969e-07,
      5.462037651228502e-07,
      5.172116026071171e-07,
      4.881510789539047e-07,
      4.5918374554799473e-07,
      4.299408133340708e-07,
      4.0149293586860765e-07,
      3.738321924510954e-07,
      3.470805254704935e-07,
      3.2584854188931373e-07,
      3.122781482439112e-07,
      2.9852839038501755e-07,
      2.8475583449375445e-07,
      2.7071860197080594e-07,
      2.5648879355798227e-07,
      2.425454469574129e-07,
      2.285840597663468e-07,
      2.1484933523031238e-07,
      2.0134764733561574e-07,
      1.883396639393041e-07,
      1.781063318341652e-07,
      1.718467575672151e-07,
      1.6541099846696907e-07,
      1.5897375582514214e-07,
      1.5264752969395878e-07
    ],