{
  "train_losses": {
    "reconstruction": [
      785.2644409692588,
      782.1397529409713,
      783.3380324419807,
      782.1590137641971,
      781.6896845713383,
      782.2093232739874,
      781.7645154680524,
      781.9287727420069,
      782.0046623935218,
      782.0545869715073,
      782.3371005018219,
      782.2936073110885,
      782.1172508432084,
      782.2163500104632,
      782.7436087472098,
      781.7100994206277,
      782.6548879927948,
      782.2876733090698,
      781.7156869583771,
      782.3186140300847,
      782.3436443425027,
      781.6270701945328,
      782.3814828055246,
      782.0831344989167,
      782.106428002109,
      782.2172952860343,
      782.4113098913882,
      782.2558555282465,
      781.9243851349133,
      782.0546905774029,
      782.006855555943,
      781.7535151633896,
      782.473179280257,
      782.1368377429096,
      782.2009915904838,
      781.5554127412684,
      781.9206392945362,
      781.9275187003512,
      781.9204863219702,
      781.9250213879498,
      781.8932528455719,
      782.4457003809824,
      782.1521891105075,
      782.1369318601464,
      782.2775814793691,
      781.5646000709854,
      782.4766784155069,
      782.0240745223871,
      782.0742895302652,
      782.1220964704241,
      782.087819075384,
      782.4206990474412,
      781.9076239321412,
      781.8212741883863,
      781.9023402879218,
      781.8270797088367,
      781.6499567112002,
      782.6353135309299,
      783.1374060366334,
      782.3475870084362,
      782.2967129234506,
      781.9139601763557,
      781.8952119971524,
      781.8849128274356,
      781.8958386333048,
      782.9117072610294,
      782.4032944110261,
      781.830988523339,
      782.1577394629727,
      782.552114791229
    ],
    "dynamics_recon": [
      724.5866305567637,
      721.8309140245453,
      721.9368479752741,
      722.8851477358521,
      721.7882759671252,
      722.2055287080652,
      721.692991497136,
      722.2116956951238,
      722.0276832901129,
      722.2699784992121,
      722.0331587591091,
      722.5591689678802,
      721.4869144984654,
      722.2844603722837,
      722.0189602635488,
      722.537306841682,
      721.730979855321,
      722.0495918338038,
      722.1865875500591,
      722.5693813291919,
      721.7152070117597,
      722.3891828520959,
      722.0597045641987,
      722.3776846492992,
      721.9346373742368,
      722.3111410701977,
      721.907073589934,
      721.8069614442456,
      722.254035372694,
      721.7909026586709,
      722.2506452287946,
      721.6241766665162,
      721.618808521944,
      722.1019328141413,
      721.5780488342798,
      722.5609389874114,
      721.7527888963202,
      722.4356979241892,
      722.5541429279231,
      722.0813893550584,
      722.6919442825958,
      722.407399153509,
      722.2439077681854,
      722.0409416391068,
      722.1395420106519,
      722.0481804599281,
      721.9765145438058,
      721.5195758723411,
      721.9372473965173,
      721.969739513237,
      721.7242539349725,
      722.4141093021682,
      721.9219620648553,
      721.9329549324613,
      721.8070049125607,
      721.8817924691849,
      722.084263264632,
      721.9838036288734,
      722.398912830513,
      722.3619030864298,
      721.9571853765921,
      721.6651398474429,
      722.2056889894629,
      721.7372068517349,
      722.5433721462217,
      722.0065042191193,
      722.0949894239923,
      721.9396089185186,
      722.2674487458557,
      722.5080692066866
    ],
    "dynamics_consistency": [
      0.017559827409746778,
      0.00023756453581790229,
      0.00012166850510842808,
      7.525296191985234e-05,
      5.1486905471117533e-05,
      3.732615339747305e-05,
      2.8158575439781143e-05,
      2.1779845301047196e-05,
      1.7229724543532573e-05,
      1.3843863292882402e-05,
      1.1250126043850891e-05,
      9.24942181912787e-06,
      8.00298021051215e-06,
      7.262203698395629e-06,
      6.567889688024273e-06,
      5.920884588413785e-06,
      5.322502134089625e-06,
      4.764821329338113e-06,
      4.257722289290511e-06,
      3.799183157546494e-06,
      3.3819871079777694e-06,
      3.003746742786675e-06,
      2.6635348254372926e-06,
      2.4305953271139807e-06,
      2.27701752250783e-06,
      2.1275891647158405e-06,
      1.9776230586279122e-06,
      1.8312835712614678e-06,
      1.6899409977767613e-06,
      1.5539918477701912e-06,
      1.4231044408480564e-06,
      1.2985625321256397e-06,
      1.1822435837774635e-06,
      1.0707821962366608e-06,
      9.927926969186894e-07,
      9.404364927659958e-07,
      8.868238522540532e-07,
      8.344342671618903e-07,
      7.8031726359256e-07,
      7.27759137285799e-07,
      6.75758397720842e-07,
      6.248729984018158e-07,
      5.758494730244598e-07,
      5.290663306895869e-07,
      4.838107414303415e-07,
      4.5116830747935e-07,
      4.2952151818458293e-07,
      4.0730050730077027e-07,
      3.8466967686238167e-07,
      3.6207624999069823e-07,
      3.3952240703685764e-07,
      3.168293541919701e-07,
      2.9462447394186766e-07,
      2.729476802783631e-07,
      2.521949057057925e-07,
      2.318873744077776e-07,
      2.171296178149158e-07,
      2.0717249955522362e-07,
      1.9692219010618423e-07,
      1.8660339275645335e-07,
      1.7623873733681335e-07,
      1.6533808388503376e-07,
      1.5482143101435367e-07,
      1.444205050749794e-07,
      1.3410336233447127e-07,
      1.2413844909256573e-07,
      1.145009159680732e-07,
      1.074241984181127e-07,
      1.0265558003652586e-07,
      9.780172996395304e-08
    ],
    "total": [
      1509.8686400341387,
      1503.970899565881,
      1505.275006462546,
      1505.0442494624804,
      1503.47798374721,
      1504.4148487764246,
      1503.4575092732405,
      1504.140465487953,
      1504.0323429909074,
      1504.3245675223213,
      1504.370260286732,
      1504.8527770483192,
      1503.6041608537946,
      1504.500808331145,
      1504.7625681131829,
      1504.247408826812,
      1504.3858629755614,
      1504.3372648864233,
      1503.9022714310333,
      1504.887996897978,
      1504.0588522518383,
      1504.01625432888,
      1504.4411862156971,
      1504.4608190199908,
      1504.0410664021467,
      1504.5284423828125,
      1504.3183819426208,
      1504.0628164595917,
      1504.1784242261358,
      1503.845589261095,
      1504.2574980920103,
      1503.3776881113774,
      1504.0919886997767,
      1504.2387700441504,
      1503.7790414505646,
      1504.1163504464287,
      1503.6734285755317,
      1504.3632171374409,
      1504.474628865218,
      1504.0064133075105,
      1504.5851968717175,
      1504.8530991498162,
      1504.39609354484,
      1504.1778759355304,
      1504.4171196432674,
      1503.612783223641,
      1504.4531952673647,
      1503.5436509076287,
      1504.0115361574317,
      1504.0918353425354,
      1503.8120760877594,
      1504.8348075802587,
      1503.8295872792476,
      1503.7542298901983,
      1503.7093469956342,
      1503.7088751271992,
      1503.7342201040572,
      1504.6191185702796,
      1505.5363143792674,
      1504.7094880432642,
      1504.2539000951942,
      1503.5791005366991,
      1504.1009018841912,
      1503.6221195509454,
      1504.4392100101759,
      1504.91820724872,
      1504.498280244715,
      1503.7705985958837,
      1504.4251842338497,
      1505.0601852801667
    ]
  },