{
  "train_losses": {
    "reconstruction": [
      765.5853574095654,
      763.8087319766773,
      762.8938503746225,
      762.3366583816144,
      762.8054640313156,
      762.7077727758584,
      762.3679612103631,
      762.4777402477104,
      762.9048791452616,
      762.9156583898208,
      762.6052846187303,
      762.661027539678,
      762.5113198416574,
      763.0357754490957,
      762.3486480712891,
      762.6913267504267,
      762.042030142135,
      762.5968243254333,
      762.7574209004891,
      762.718284542821,
      762.4159344585001,
      762.9938472459296,
      762.1208007556049,
      762.8334899389444,
      763.1533631396894,
      762.5894433029559,
      762.9073161918576,
      762.6033631653345,
      762.883831376789,
      762.5282728692063,
      762.5246055026014,
      761.9664792613822,
      762.9177912864365,
      762.516989956383,
      763.6211388852416,
      762.4923984303194,
      762.8734586058545,
      763.4501229935333,
      762.687245088465,
      762.327340518727,
      762.3654374835871,
      762.887203825622,
      762.0664597198743,
      762.2271446420365,
      762.9250816537552,
      762.3274328408121,
      762.372179944976,
      762.0827403349035,
      762.2090292537914,
      762.8603241223248,
      762.4303774793609,
      762.148572008149,
      762.8468377890707,
      762.6449159253546,
      762.9998075340976,
      762.6790815080915,
      762.1070260440601,
      763.115367857348,
      763.1511397161404,
      762.7404094022863,
      763.0013250783712,
      762.4829501624869,
      762.2611260935038,
      762.1942815700498,
      762.6893761899291,
      762.3004165777639,
      763.081928157005,
      762.744147164481,
      762.4396632859687,
      762.2651274865415
    ],
    "dynamics_recon": [
      706.3872693486575,
      704.6745711895599,
      704.3266832367713,
      704.0002152899734,
      704.1823041899866,
      703.9971458370946,
      704.2401503875476,
      704.2366927972361,
      703.8148310044232,
      704.3187198158072,
      704.0077173569623,
      704.1500047956195,
      704.5921075644613,
      704.3734170609162,
      704.3411475430016,
      704.9456670424518,
      704.4127738375623,
      704.1915729426536,
      703.9855112027722,
      703.8192828523011,
      704.5445993888278,
      704.2002846854074,
      704.1066339316488,
      704.1700861313764,
      703.9397627886603,
      704.4437101989233,
      704.2133932674633,
      704.2509368127133,
      704.437210339458,
      704.3392909715155,
      703.9057092746767,
      703.9124671230798,
      704.2682510504202,
      703.7977728322775,
      704.3398432370996,
      703.5824260551389,
      704.2959839636538,
      704.4725189208984,
      704.3550640715271,
      703.9088827181263,
      704.5193145495502,
      704.2372018509552,
      704.5744026248194,
      704.6537535851743,
      704.6598919780314,
      704.0712975253577,
      704.5141800311433,
      704.755041298746,
      703.6928730171268,
      704.5438149075549,
      704.2650437555393,
      704.2592884993353,
      704.3235032538406,
      704.2333045767135,
      704.0818582743156,
      704.0764239655823,
      703.7569423643481,
      704.5031360017151,
      704.4683903285435,
      704.6041673932757,
      704.1647119602236,
      704.3848012715829,
      704.3105286670332,
      704.1377505775259,
      704.6465756712842,
      704.4210119167295,
      704.8445815398914,
      704.3736944118467,
      704.1615957051766,
      703.5985384388131
    ],
    "dynamics_consistency": [
      0.02454794164792979,
      0.00014941913843908916,
      3.822435128084089e-05,
      1.708571949166071e-05,
      9.611453587232605e-06,
      6.094885388408154e-06,
      4.159672009925143e-06,
      2.99271942332948e-06,
      2.2293977658993004e-06,
      1.5555225784645846e-06,
      6.464181188234494e-07,
      4.5103395543165565e-07,
      3.659765156772137e-07,
      3.2564166707324983e-07,
      2.867302772729625e-07,
      1.3796707369839267e-07,
      6.253292361328839e-08,
      5.091008989913874e-08,
      4.3177217792719186e-08,
      3.6620196096336924e-08,
      3.171087515123758e-08,
      2.7340962501945905e-08,
      2.3906209448656606e-08,
      2.092643687069789e-08,
      1.9572781139190594e-08,
      1.8252560758693095e-08,
      1.695972461942875e-08,
      1.5759945176849828e-08,
      1.4619300194787824e-08,
      1.3575124407053317e-08,
      1.2506971607766127e-08,
      1.1580143914275286e-08,
      1.0697894626643763e-08,
      9.885447174658974e-09,
      9.18090863697131e-09,
      8.810732854320732e-09,
      8.450416917569745e-09,
      8.09683126754818e-09,
      7.718871861478601e-09,
      7.3677834020532656e-09,
      7.048632314609331e-09,
      6.689573548696364e-09,
      6.360814932194394e-09,
      6.041994424851567e-09,
      5.736982477779687e-09,
      5.4705909150260106e-09,
      5.3226342988794755e-09,
      5.181899712896383e-09,
      5.037498862958865e-09,
      4.893550422023298e-09,
      4.751040469538402e-09,
      4.603003248867877e-09,
      4.4546398698626515e-09,
      4.309961190928164e-09,
      4.1703756475241765e-09,
      4.043991373329627e-09,
      3.8968279135733306e-09,
      3.826268329254199e-09,
      3.756349846019518e-09,
      3.6823250410596108e-09,
      3.608746623657806e-09,
      3.534622520443872e-09,
      3.458245227998106e-09,
      3.3840295029293445e-09,
      3.3075097516097495e-09,
      3.2284357792164783e-09,
      3.157191643042369e-09,
      3.081777003523163e-09,
      3.04163315635982e-09,
      3.0053679974167548e-09
    ],
    "total": [
      1471.997166994239,
      1468.4834538307512,
      1467.2205492548583,
      1466.3368786723674,
      1466.987774504333,
      1466.7049237419578,
      1466.6081132648371,
      1466.7144349683233,
      1466.7197137399883,
      1467.2343755129004,
      1466.6130042837447,
      1466.8110325917476,
      1467.1034284319196,
      1467.4091950745142,
      1466.6897988199187,
      1467.6369941775538,
      1466.4548042361475,
      1466.7883980374377,
      1466.742934026638,
      1466.5375632919183,
      1466.9605348731288,
      1467.1941307773109,
      1466.2274375082063,
      1467.0035769678966,
      1467.093127082376,
      1467.0331538865546,
      1467.1207067665935,
      1466.8542998498228,
      1467.3210454347754,
      1466.8675660205488,
      1466.4303132385767,
      1465.8789483078388,
      1467.186042849757,
      1466.314763429786,
      1467.9609846868434,
      1466.0748214080554,
      1467.1694469291622,
      1467.9226412733062,
      1467.0423081341912,
      1466.2362219546021,
      1466.8847533153887,
      1467.1244081128546,
      1466.6408665761226,
      1466.8809014328388,
      1467.5849722213104,
      1466.3987349822742,
      1466.8863633099725,
      1466.8377808642988,
      1465.9019013733423,
      1467.404139414555,
      1466.695423286502,
      1466.407863584887,
      1467.1703445049895,
      1466.8782210149684,
      1467.0816660648634,
      1466.75550137047,
      1465.8639741785387,
      1467.6185030897125,
      1467.6195288906579,
      1467.3445773084625,
      1467.1660366539195,
      1466.86775169052,
      1466.5716552734375,
      1466.3320286854976,
      1467.335953912815,
      1466.7214381113774,
      1467.9265141847754,
      1467.117844012605,
      1466.6012606580719,
      1465.8636605398995
    ]
  },