{
  "train_losses": {
    "reconstruction": [
      783.7218417640494,
      779.5141640030035,
      780.1020068000345,
      779.8071355739561,
      779.6720911875492,
      779.470243053276,
      780.9597370564437,
      780.3971483246619,
      780.2348219927619,
      779.5744403230042,
      779.8968787954635,
      779.7514407374277,
      779.2190933868665,
      780.0497371128628,
      780.4872051848083,
      780.8879425305279,
      779.9252373190487,
      779.7444870892693,
      779.9417074508026,
      779.9857223895417,
      780.0129586868927,
      780.3699844745026,
      780.1524163254169,
      780.4458003965747,
      779.715628231273,
      779.6185182202764,
      779.5149238650538,
      780.6874617889148,
      780.0249638918067,
      780.4713527134487,
      780.4804146390002,
      779.7799054314108,
      780.2613286891905,
      779.857539072758,
      779.4354591690192,
      779.8344153396222,
      779.8805936925552,
      780.041350933684,
      779.7404172240185,
      779.7717397994354,
      780.6105568509142,
      780.6032314781381,
      780.5082025608095,
      779.9498320507403,
      780.188985487994,
      779.7168048249573,
      779.9338491744354,
      780.3328294513606,
      779.7222887568113,
      779.3669348965173,
      780.2804624413242,
      779.9487704749869,
      780.5562485125886,
      780.5440319926798,
      780.3994059843176,
      780.3941804260767,
      779.4023114372702,
      781.0244120108981,
      780.1844751694623,
      779.6902860753677,
      779.7762396035074
    ],
    "dynamics_recon": [
      727.2771176891166,
      723.3288955047351,
      723.2168715020188,
      723.0963847697282,
      723.392375144638,
      722.8420233205587,
      723.5591575558446,
      723.5723019127084,
      723.0395591158826,
      723.4036318995371,
      723.2766109434497,
      723.4034408441111,
      723.4892874325024,
      723.9461392955619,
      723.5747207513376,
      723.9114096505301,
      723.6768947569262,
      723.2340838007566,
      723.4148367232635,
      723.6758425416065,
      724.1844019529199,
      723.2285489635307,
      723.4579274153509,
      723.206473470736,
      723.4163408038996,
      723.4773149249934,
      723.7666429792132,
      723.3443438105222,
      723.3431769619469,
      723.0218198119092,
      723.1878382578617,
      723.3952620049484,
      723.2422935421728,
      723.0751244040097,
      723.7935997458065,
      723.7988301766019,
      722.8802095301011,
      723.8163599607324,
      722.7848645378562,
      723.0957995502889,
      723.2846806630367,
      723.6567754665342,
      724.0392391942129,
      723.9422194536994,
      723.399808995864,
      723.6043453697397,
      722.8331557842864,
      723.4066250584707,
      723.5239141127643,
      722.7005788338284,
      723.5191013111788,
      723.743491677677,
      723.5823164226629,
      723.8816879657136,
      723.4301805255793,
      723.7455867478827,
      723.8137487844259,
      723.6943906896255,
      723.2668991729993,
      723.6467876274045,
      723.1624908447266
    ],
    "dynamics_consistency": [
      0.047266255983957596,
      0.001210347215274247,
      0.00028852614541239685,
      0.00011575009034650142,
      6.0542486034817466e-05,
      3.688784767016367e-05,
      2.4647925780116857e-05,
      1.746437125321416e-05,
      1.289315203760781e-05,
      9.8062776070962e-06,
      7.618196322324029e-06,
      6.027379079935928e-06,
      5.089907015170858e-06,
      4.548059685842747e-06,
      4.04673827394136e-06,
      3.5916351377078675e-06,
      3.185926619558248e-06,
      2.8143913378248e-06,
      2.4766072817114676e-06,
      2.180072905438075e-06,
      1.913911131480233e-06,
      1.680121384583226e-06,
      1.475965939287088e-06,
      1.3333077540110713e-06,
      1.2420501050888835e-06,
      1.1526625640447743e-06,
      1.0656955946653413e-06,
      9.83343616595647e-07,
      8.995257883844035e-07,
      8.223830747294965e-07,
      7.489906205612996e-07,
      6.77698681307302e-07,
      6.123511512982566e-07,
      5.517391737883662e-07,
      5.087983069409981e-07,
      4.812194160762328e-07,
      4.520555632682642e-07,
      4.2296011339440613e-07,
      3.9510854632123075e-07,
      3.663848447639098e-07,
      3.395408353508212e-07,
      3.1243925753975006e-07,
      2.872591519051929e-07,
      2.6197426963882064e-07,
      2.38704132673014e-07,
      2.2201998336533827e-07,
      2.1067723929920875e-07,
      1.9924392730643818e-07,
      1.8778870235482522e-07,
      1.763128414210268e-07,
      1.6460194098116318e-07,
      1.5328624784422404e-07,
      1.4208349911741187e-07,
      1.3125001159857844e-07,
      1.208305725876429e-07,
      1.1081778551385446e-07,
      1.0354052605401828e-07,
      9.855442803589104e-08,
      9.352438805471703e-08,
      8.849523081840064e-08,
      8.336196363639645e-08
    ],
    "total": [
      1511.0462215647979,
      1502.8442680294775,
      1503.3191687319459,
      1502.9036465172007,
      1503.0645187762605,
      1502.3122745802423,
      1504.5188952534138,
      1503.9694480575433,
      1503.2743796981683,
      1502.9780727354419,
      1503.1734926880908,
      1503.1548820944392,
      1502.7083806911437,
      1503.995873459247,
      1504.0619229869683,
      1504.7993548737854,
      1503.6021364356288,
      1502.978572044052,
      1503.35654276359,
      1503.6615677521008,
      1504.197357947085,
      1503.5985338227088,
      1503.610345920595,
      1503.6522729697347,
      1503.1319667271205,
      1503.0958282727154,
      1503.2815682547432,
      1504.031804445411,
      1503.3681430335805,
      1503.4931732947084,
      1503.66825084526,
      1503.1751739758404,
      1503.5036287708442,
      1502.9326602711396,
      1503.2290551962972,
      1503.6332448750984,
      1502.7608011710543,
      1503.8577152540704,
      1502.5252849675026,
      1502.8675378110229,
      1503.8952411042542,
      1504.2600079704735,
      1504.5474350873162,
      1503.8920482988117,
      1503.5887938427325,
      1503.3211495535713,
      1502.7670026506696,
      1503.739456304983,
      1503.2462050494025,
      1502.067515140822,
      1503.7995595210741,
      1503.6922622808888,
      1504.1385616013984,
      1504.4257197019433,
      1503.8295857405462,
      1504.139771020713,
      1503.2160618886226,
      1504.7188059061516,
      1503.4513785738905,
      1503.3370710100446,
      1502.9387289095325
    ]
  },