{
  "train_losses": {
    "reconstruction": [
      795.5069582642627,
      790.7967175395548,
      790.3276992926077,
      790.2512100604401,
      791.248158559078,
      790.9095151244092,
      790.4334660377823,
      790.4071170582491,
      790.5760716029575,
      791.0327068937927,
      790.5347218232996,
      791.0234318580948,
      790.51500644203,
      790.831004807929,
      791.4938471177045,
      791.0493824421859,
      790.7634940267611,
      790.4900297277114,
      790.5758505428539,
      791.8813532981552,
      790.8538711932526,
      791.1812719777853,
      790.78593739742,
      790.4744529403558,
      790.6220751850545,
      790.7215363318179,
      790.9442364348083,
      790.8324048979944,
      790.3291097689075,
      791.2695075283532,
      790.5209376230961,
      790.4942911612887,
      791.0458290677111,
      791.3298642455029,
      790.4657603031447,
      791.0265973515872,
      790.7480731611493,
      790.9387145483194,
      790.5643965777228,
      790.5808914569245,
      791.2676142844833,
      791.2880101564551,
      791.0665415274997,
      790.8272269112723,
      791.401344363429,
      790.6206930465057,
      790.4801702419248,
      790.2965903402377,
      790.6794861865644,
      790.9059525177258,
      791.6959968374557,
      790.8997528332623,
      790.7716881247128,
      790.4866748457196,
      790.8353056066177,
      790.3380293645779,
      791.0890547808478,
      790.8034164044036,
      790.9155477315438,
      790.3795957164604,
      790.529596408876
    ],
    "dynamics_recon": [
      734.7830595128677,
      729.835722722927,
      729.9318639931558,
      730.2313205494601,
      729.827923173664,
      730.4665246530741,
      729.805168215968,
      730.1058594519351,
      730.1543607311088,
      730.23028436228,
      729.6835032230666,
      730.092227583172,
      729.5757011605912,
      730.8587423372669,
      730.1750056162601,
      729.8524645637063,
      729.859035331662,
      729.9691392914588,
      730.6890325466123,
      730.3208483527688,
      729.7070845916492,
      730.0376140690652,
      730.399658203125,
      729.6468144264542,
      730.2471228847985,
      730.3997165455538,
      729.8120786522617,
      729.6949248754678,
      730.1708518917821,
      730.080374325023,
      729.5885346997686,
      730.6582195378152,
      730.1472407749721,
      730.7098510485737,
      730.0761682846967,
      729.798038130047,
      729.7740970900079,
      730.3402921532382,
      730.2412106810498,
      730.0074079497522,
      730.1129213220933,
      730.3914873139197,
      730.9263469792214,
      730.6718874378365,
      730.4500002820953,
      730.0189330798237,
      730.5261848513819,
      729.4698383748031,
      730.5312511540261,
      730.0961505024374,
      730.5926708574054,
      730.3711909446396,
      730.5048801197726,
      730.3553620667017,
      730.5735790348855,
      730.2937605401047,
      730.1545567873145,
      729.761047106831,
      730.2962515694754,
      730.2296381076845,
      729.687995846532
    ],
    "dynamics_consistency": [
      0.018512977857072968,
      1.8298206634594746e-05,
      1.1943489043762323e-05,
      8.140929738704877e-06,
      5.923474182551416e-06,
      4.574452836126159e-06,
      3.716367462807628e-06,
      3.1383831136193623e-06,
      2.7271335969227276e-06,
      2.4170989526160654e-06,
      2.172262217483586e-06,
      1.9682691134091457e-06,
      1.8323163870439454e-06,
      1.7456981522780614e-06,
      1.6582847745728237e-06,
      1.5726941560884569e-06,
      1.486217305713229e-06,
      1.4010076131303283e-06,
      1.3158287764926775e-06,
      1.235361254726404e-06,
      1.1500372500281742e-06,
      1.0692111315540173e-06,
      9.902782782025015e-07,
      9.320484858532279e-07,
      8.920455565405691e-07,
      8.507835089579455e-07,
      8.078893965391041e-07,
      7.641425334807865e-07,
      7.200926508149303e-07,
      6.757197186403619e-07,
      6.311749552592004e-07,
      5.868183572082282e-07,
      5.432564407812163e-07,
      5.006911950068425e-07,
      4.69343699874957e-07,
      4.4802380478190685e-07,
      4.2597325107028095e-07,
      4.033474358694173e-07,
      3.8033192141529454e-07,
      3.569926697187426e-07,
      3.337121366767792e-07,
      3.1056073050647594e-07,
      2.876345852516023e-07,
      2.652485920766556e-07,
      2.435331525908478e-07,
      2.2760020279659657e-07,
      2.1678414029344188e-07,
      2.0566593830038938e-07,
      1.9431116701470343e-07,
      1.8287307097948962e-07,
      1.7134336908785533e-07,
      1.5985664661269873e-07,
      1.4851686550977732e-07,
      1.3739141798108742e-07,
      1.2655856290499829e-07,
      1.161448263577741e-07,
      1.0850771360418274e-07,
      1.033477679308297e-07,
      9.808108010920975e-08,
      9.271676046153004e-08,
      8.735344217157723e-08
    ],
    "total": [
      1530.308518866531,
      1520.63244372456,
      1520.2595609777113,
      1520.4825342002034,
      1521.0760816045167,
      1521.37604170086,
      1520.2386387416295,
      1520.5129789464613,
      1520.730433872768,
      1521.262995872177,
      1520.218223764115,
      1521.1156559791887,
      1520.0907079872966,
      1521.6897490685728,
      1521.6688524775145,
      1520.901845723641,
      1520.622528332622,
      1520.4591695320707,
      1521.2648879620208,
      1522.2022012662487,
      1520.5609546308758,
      1521.218888996028,
      1521.1855997037487,
      1520.1212676232603,
      1520.869200121455,
      1521.1212522362462,
      1520.756317395122,
      1520.5273309274883,
      1520.4999599937632,
      1521.3498873670562,
      1520.10947245109,
      1521.1525109555541,
      1521.1930731765362,
      1522.0397195255055,
      1520.5419285878413,
      1520.8246367638853,
      1520.5221716616334,
      1521.2790024701287,
      1520.8056030273438,
      1520.588297355075,
      1521.3805382993041,
      1521.6795002913275,
      1521.9928865833442,
      1521.499113451533,
      1521.8513429785976,
      1520.639625613429,
      1521.0063527852546,
      1519.766425637638,
      1521.2107359301142,
      1521.002102891938,
      1522.2886614118304,
      1521.2709448037028,
      1521.276565679983,
      1520.8420374253217,
      1521.4088852826287,
      1520.6317877248555,
      1521.2436128504137,
      1520.56446389591,
      1521.2117971211921,
      1520.609231900768,
      1520.217603154543
    ]
  },