{
  "train_losses": {
    "reconstruction": [
      800.7443473238905,
      796.5233292780002,
      795.9845542587152,
      795.4824495716256,
      796.0177394321987,
      796.0426376727448,
      795.9095415387835,
      796.4712610324892,
      796.1673304453617,
      796.1942766974954,
      795.4792926692161,
      795.5407050637638,
      796.2925992052094,
      796.5504658162093,
      795.5697701077502,
      796.474417293773,
      795.7936228263278,
      795.3054571071592,
      795.6778959386489,
      796.0597681638574,
      796.2915508366433,
      796.0853148388262,
      796.102183237797,
      796.5860081520401,
      795.6648712158203,
      795.8412941043116,
      795.7370090003775,
      796.6538803998162,
      796.6443268591617,
      795.295501324309,
      796.0119731486344,
      796.2677296870896,
      795.5539334080801,
      796.2297937729779,
      796.205777977695,
      795.6400016977005,
      796.2534782345556,
      796.0982796805246,
      795.9293233406644,
      795.4826010054901,
      795.5658561642431,
      795.7394873354615,
      796.2933966372193,
      796.2004116282743,
      796.1075262502462,
      796.646001479205,
      796.0149783607291,
      795.8172671534434,
      796.3156871635373,
      796.589427018366,
      795.7401873163816,
      796.1952065860523,
      796.090176878857,
      795.5974862234933,
      795.6583164760044,
      796.0748352563681,
      796.1198476583016,
      796.0231395048254,
      795.6995632908926,
      796.2157126034008,
      795.8991273511358,
      795.5259509687664
    ],
    "dynamics_recon": [
      745.2320482270056,
      740.8400180079356,
      741.5520093901819,
      741.1347539565143,
      740.7476216805081,
      741.0245079232865,
      740.6013137432708,
      740.815213756401,
      740.9734052129153,
      740.4249248344357,
      740.654414072758,
      740.5195967730353,
      741.1502263686236,
      740.4962656998835,
      740.4403428790949,
      740.6144888741629,
      741.1123704669856,
      741.7985805222968,
      740.9152210139426,
      741.1848009894876,
      740.7878229477826,
      740.9451495258749,
      741.53514547909,
      740.5758665709936,
      741.9336874825614,
      741.2164269455341,
      740.4656482343914,
      740.8256680785107,
      741.3208315552783,
      740.7568844065946,
      741.0715941100561,
      740.7710490507238,
      740.3886337921399,
      740.7708145269827,
      740.3792106564306,
      740.6254880247998,
      740.9869669425387,
      741.0307876202239,
      741.0891646697742,
      741.3733657708689,
      740.7098750266708,
      740.12536903189,
      740.3447791347985,
      741.0012832769827,
      740.3491444307215,
      740.571411773938,
      741.0027455562303,
      740.67060557133,
      740.8220857251592,
      740.5466247045694,
      741.0042388659565,
      741.353271484375,
      740.6305538145434,
      740.2288481127314,
      740.6311755781414,
      741.0644804369501,
      741.5553227272354,
      741.5988534879284,
      741.2532789727219,
      740.9055591230633,
      740.7421182584362,
      741.2141364602481
    ],
    "dynamics_consistency": [
      0.023825429990631333,
      0.00019802641712457817,
      7.431135354101356e-05,
      3.8184652677817885e-05,
      2.288608929495026e-05,
      1.5069642133404013e-05,
      1.058389447272563e-05,
      7.770719902196526e-06,
      5.883314954854625e-06,
      4.585248414995851e-06,
      3.6415907310729075e-06,
      2.9629796635728643e-06,
      2.5555016308118422e-06,
      2.3149683594980896e-06,
      2.0901844835930777e-06,
      1.8815226508768548e-06,
      1.689442080701041e-06,
      1.5121323498220101e-06,
      1.3484934841074414e-06,
      1.2021406528678382e-06,
      1.0681548203325185e-06,
      9.508303802123323e-07,
      8.398843618567657e-07,
      7.658421975616003e-07,
      7.183194551144811e-07,
      6.688850824630896e-07,
      6.221320609304277e-07,
      5.74671132118751e-07,
      5.298328835387943e-07,
      4.86471696987081e-07,
      4.451011299439996e-07,
      4.06529881787788e-07,
      3.6924657109693726e-07,
      3.3391410438917476e-07,
      3.0871644452763804e-07,
      2.934878730630932e-07,
      2.7571222299449433e-07,
      2.585880268680403e-07,
      2.419384442105604e-07,
      2.254148564837223e-07,
      2.0929978777941579e-07,
      1.9332088533544931e-07,
      1.7805131501766581e-07,
      1.6301082427498612e-07,
      1.4931653165073855e-07,
      1.3883901010009147e-07,
      1.3206003270572389e-07,
      1.2504225124239994e-07,
      1.1800550616968173e-07,
      1.1121845097917906e-07,
      1.0411405187842281e-07,
      9.687036029349026e-08,
      9.013730611206747e-08,
      8.338501492649819e-08,
      7.690056304908421e-08,
      7.069587622313157e-08,
      6.617334133126474e-08,
      6.313190324575515e-08,
      6.007345911101567e-08,
      5.6859715143525305e-08,
      5.369984975083921e-08,
      5.049123267758946e-08
    ],
    "total": [
      1546.0002241375066,
      1537.3635479582458,
      1537.5366452000721,
      1536.6172118627724,
      1536.7653611127068,
      1537.0671468782825,
      1536.5108545127034,
      1537.286474404215,
      1537.1407393768054,
      1536.6192006343554,
      1536.1337095629267,
      1536.0602991440717,
      1537.4428249327075,
      1537.0467334394696,
      1536.010113884421,
      1537.088903090533,
      1536.9059930368633,
      1537.104038783482,
      1536.5931201582196,
      1537.244571461397,
      1537.07937288685,
      1537.0304657751772,
      1537.6373229467567,
      1537.161873953683,
      1537.5985584419316,
      1537.0577218191963,
      1536.20265826057,
      1537.479548606552,
      1537.965160722492,
      1536.0523876542804,
      1537.0835730288209,
      1537.0387773273371,
      1535.942570534073,
      1537.000609838662,
      1536.5849876083246,
      1536.2654875426733,
      1537.2404472286962,
      1537.1290693523504,
      1537.01848954914,
      1536.8559688279609,
      1536.2757309344636,
      1535.8648573931525,
      1536.6381764131434,
      1537.2016975979845,
      1536.4566681164654,
      1537.2174144071691,
      1537.0177201984309,
      1536.4878699038209,
      1537.1377722475709,
      1537.1360530051863,
      1536.7444319524684,
      1537.5484757623753,
      1536.7207272313221,
      1535.8263311305968,
      1536.289494362198,
      1537.139314282842,
      1537.675170385537,
      1537.6219928645287,
      1536.952843930541,
      1537.121271726464,
      1536.6412481740742,
      1536.7400887112658
    ]
  },