{
  "seed": 2,
  "num_nodes": 1,
  "edges": [],
  "is_valid": false,
  "ground_truth": {
    "num_nodes": 4,
    "edges": [
      [
        3,
        2
      ],
      [
        2,
        0
      ],
      [
        2,
        1
      ]
    ]
  },
  "n_trajectories": 10000,
  "n_points": 10,
  "n_data_points": 90000,
  "domain_bounds": [
    [
      -0.1,
      -0.1,
      -0.1
    ],
    [
      90.0,
      70.0,
      70.0
    ]
  ],
  "actual_data_bounds": [
    [
      -5.5649495610211455,
      -3.921756289940958,
      -3.577958746186556
    ],
    [
      114.74933203297702,
      80.32578440390421,
      73.47537889358459
    ]
  ]
}