{
  "train_losses": {
    "reconstruction": [
      778.2863968280183,
      774.2791859602728,
      774.495451470383,
      774.3805311186975,
      774.4700954661649,
      774.9030666832163,
      774.440608689765,
      774.8002828389657,
      774.3039059679047,
      774.6726202443868,
      774.545774700261,
      774.7917557403821,
      774.6873485661355,
      774.7699558033663,
      774.7908582927801,
      775.4252364214728,
      775.0566554991137,
      775.101557114545,
      774.9331921489298,
      775.1591241660238,
      774.3691670393744,
      774.3904103511521,
      774.6788163385471,
      774.5500538289047,
      774.6112504205784,
      774.6596651477975,
      774.8005658318015,
      774.6182383048434,
      774.5988554113052,
      774.5436732187992,
      774.7617790158056,
      774.3373645173401,
      774.8312811330587,
      774.6171764726398,
      774.6523278500854,
      775.2310898724725,
      774.9960461784812,
      774.66001520237,
      774.7498474121094,
      774.5926644461496,
      774.9495702150489,
      774.5454861937451,
      774.9324081805573,
      774.2750346720719,
      774.3713948225775,
      774.9075500744732,
      774.6457886255088,
      774.5525620404412,
      774.3356425822282,
      775.4197056874508,
      774.583672916188,
      774.2645032866662,
      774.8619613006335,
      774.3096349379596,
      774.8781848554852,
      774.6993081229074,
      774.9536231545841,
      774.8548999433758,
      774.9997513714959,
      774.5290956897896
    ],
    "dynamics_recon": [
      720.7555134236312,
      716.7769744616596,
      716.6226361699465,
      716.6156255898355,
      716.099098269679,
      716.5176842953979,
      716.0734018277722,
      716.3827262044955,
      716.5694303111869,
      716.5982286469275,
      716.2019300701238,
      716.1850442325367,
      716.1434790346802,
      716.6692031732126,
      716.0615089480616,
      716.7977624460428,
      716.569039737477,
      716.4256334064387,
      716.1761461786863,
      716.1746150425503,
      716.3075046058462,
      716.6512516566685,
      716.7791736506614,
      715.9593067329471,
      716.6090632847378,
      716.6001989540933,
      716.6491237608325,
      716.5300160896878,
      716.1599037747424,
      716.3850375904757,
      717.130052069656,
      716.5124437348181,
      716.2788957868304,
      716.1528513932428,
      716.3701973281989,
      716.2675017028296,
      716.494215508469,
      716.3124072932395,
      716.2700810793067,
      716.5960358691816,
      716.9864222422367,
      716.1012539903656,
      716.169416155134,
      716.6213109633502,
      715.943707634421,
      716.4561984278574,
      716.1135871951319,
      716.3706444491859,
      716.3981992577304,
      716.665767124721,
      715.9518150521927,
      716.3350719804523,
      715.8238115070246,
      716.8611543799649,
      715.8427207369764,
      716.7673038514722,
      716.7897733800552,
      716.1421739594275,
      716.4613015311105,
      716.8579877324465
    ],
    "dynamics_consistency": [
      0.06938382668433879,
      0.00038381199097601274,
      0.00018742061649941244,
      0.00012469484949285877,
      9.42389499051242e-05,
      7.388498882949939e-05,
      5.896165251926061e-05,
      4.772202450143244e-05,
      3.900638911232329e-05,
      3.214760074436473e-05,
      2.665070502082338e-05,
      2.224571918083077e-05,
      1.945460927276481e-05,
      1.7739137321860508e-05,
      1.6125542767723275e-05,
      1.4593739859326184e-05,
      1.3167904238370657e-05,
      1.18404891088917e-05,
      1.0619342470099659e-05,
      9.490942688478585e-06,
      8.464086654728954e-06,
      7.530449664488874e-06,
      6.6880003441456055e-06,
      6.102942625377273e-06,
      5.720650171818252e-06,
      5.3397866853812664e-06,
      4.96573088142924e-06,
      4.60130690533165e-06,
      4.241470939265708e-06,
      3.89633764768382e-06,
      3.566089053722045e-06,
      3.251665574902015e-06,
      2.9549496751414373e-06,
      2.6748195863501294e-06,
      2.4766605774322455e-06,
      2.3440087555654292e-06,
      2.2089469599878237e-06,
      2.072894278053125e-06,
      1.9404330784419174e-06,
      1.8048738919627367e-06,
      1.6738909193116022e-06,
      1.5470448239139238e-06,
      1.4228685912934178e-06,
      1.304182215816956e-06,
      1.1908227269249887e-06,
      1.108920688399367e-06,
      1.0537348539649527e-06,
      9.977712718715462e-07,
      9.40721754059574e-07,
      8.837116368573609e-07,
      8.270563730567127e-07,
      7.709471041468203e-07,
      7.146919697696976e-07,
      6.609239979282569e-07,
      6.08457316680304e-07,
      5.578695120048837e-07,
      5.214245062614343e-07,
      4.969715569265699e-07,
      4.711612481306482e-07,
      4.456803192418292e-07
    ],
    "total": [
      1499.111297863872,
      1491.0565513803178,
      1491.118268181296,
      1490.996284805426,
      1490.569316447282,
      1491.4208650989692,
      1490.5140468052455,
      1491.1830118644136,
      1490.873335381516,
      1491.270845301011,
      1490.7477057961858,
      1490.9767948439141,
      1490.830832088695,
      1491.4391597459296,
      1490.852370831145,
      1492.2229983546154,
      1491.6256929285387,
      1491.5271903927587,
      1491.109340122768,
      1491.333742285977,
      1490.6766772871258,
      1491.0416618795955,
      1491.4579924254858,
      1490.5093614594275,
      1491.220316654494,
      1491.259861024488,
      1491.449687541032,
      1491.1482533687304,
      1490.7587557239692,
      1490.9287086294478,
      1491.89182929031,
      1490.8498119706867,
      1491.110180253742,
      1490.770028250558,
      1491.0225258194098,
      1491.4985900366005,
      1491.4902589942226,
      1490.9724244189863,
      1491.0199282349658,
      1491.1887030080586,
      1491.9359936113117,
      1490.6467403123359,
      1491.1018240792412,
      1490.8963440967207,
      1490.3151045086004,
      1491.3637449120274,
      1490.7593773593421,
      1490.9232090541295,
      1490.7338479947643,
      1492.0854728121717,
      1490.5354865579045,
      1490.599572446166,
      1490.6857720383075,
      1491.170785599396,
      1490.7209021303834,
      1491.46661223083,
      1491.7433953806133,
      1490.9970708254004,
      1491.46105700581,
      1491.3870829093355
    ]
  },
  "val_losses": {
    "reconstruction": [
      753.0990269978842,
      753.0818674723307,
      753.0756088256836,
      753.0753723144531,
      753.075368754069,
      753.0753667195638,
      753.0753667195638,
      753.0753667195638,
      753.0753667195638,
      753.0753667195638,
      753.0753667195638,
      753.0753667195638,
      753.0753667195638,
      753.0753667195638,
      753.0753667195638,
      753.0753667195638,
      753.0753667195638,
      753.0753667195638,
      753.0753667195638,
      753.0753667195638,
      753.0753667195638,
      753.0753667195638,
      753.0753667195638,
      753.0753667195638,
      753.0753667195638,
      753.0753667195638,
      753.0753667195638,
      753.0753667195638,
      753.0753667195638,
      753.0753667195638,
      753.0753667195638,
      753.0753667195638,
      753.0753667195638,
      753.0753667195638,
      753.0753667195638,
      753.0753667195638,
      753.0753667195638,
      753.0753667195638,
      753.0753667195638,
      753.0753667195638,
      753.0753667195638,
      753.0753667195638,
      753.0753667195638,
      753.0753667195638,
      753.0753667195638,
      753.0753667195638,
      753.0753667195638,
      753.0753667195638,
      753.0753667195638,
      753.0753667195638,
      753.0753667195638,
      753.0753667195638,
      753.0753667195638,
      753.0753667195638,
      753.0753667195638,
      753.0753667195638,
      753.0753667195638,
      753.0753667195638,
      753.0753667195638,
      753.0753667195638
    ],