{
  "train_losses": {
    "reconstruction": [
      799.8826541419791,
      795.388656744436,
      796.3597863461791,
      795.2133783933496,
      795.2497475247424,
      795.141008008428,
      795.6620632139575,
      795.9173898135914,
      795.4620144627676,
      795.854294720818,
      795.1923987124146,
      795.9135790913045,
      795.4704843729484,
      795.5350023798582,
      795.8523682666425,
      795.4279814648028,
      795.1074991947463,
      795.1653827058167,
      795.3686723468684,
      794.9924277938715,
      795.1514305307084,
      795.7365554681345,
      796.1308377049551,
      795.5599973021435,
      794.8515168518579,
      795.1366954130285,
      795.1054291284385,
      795.1163755785517,
      795.121066566275,
      795.5192889045267,
      796.3275124686105,
      795.4150000820641,
      796.4534737723214,
      795.4243223046054,
      795.9365247197512,
      795.597008456703,
      794.904366373014,
      795.672045411182,
      795.4664996491761,
      795.5324746781037,
      795.6771964706293,
      795.6670747644761,
      795.2511668485754,
      796.1648665997161,
      795.1699293120569,
      795.4799738010439,
      795.177460870823,
      795.3413037211955,
      794.9994173450631,
      794.9619756105567,
      794.9188251655643,
      795.5423653225939,
      794.9672725901884,
      795.3044361787684,
      795.0779247123654,
      795.3588518415179,
      795.5918545763031,
      795.8093666910123,
      795.0304442333575,
      795.103588328642,
      795.3624959993763,
      795.909406389509,
      795.3003039961102,
      795.3483125061548,
      795.6913062344079,
      796.0798745035123,
      794.7754519166065,
      795.7061662433528,
      795.2578596868435,
      795.3950654358423,
      795.2879729711709,
      794.983797730518,
      795.1211904317391,
      796.3461308839942
    ],
    "dynamics_recon": [
      737.8504436076188,
      732.7404694116416,
      733.0368843399176,
      732.8654824906037,
      733.0685517126773,
      732.326268428514,
      732.5110278730633,
      732.713999644047,
      732.5984954833984,
      732.8864801230551,
      732.6660455014526,
      732.6030887635816,
      732.8638866007828,
      732.8393227713449,
      732.627921096417,
      732.6606363248425,
      732.2901872907366,
      732.8699138224625,
      732.3023034103778,
      732.5749368106617,
      732.6442606950006,
      732.4279901841107,
      732.8469761439732,
      733.0936424191259,
      732.5033012838925,
      732.8516540527344,
      732.6104183677866,
      732.3036643917821,
      732.5943558636834,
      732.5576165463744,
      732.9211820714614,
      732.5199111810251,
      732.932608596417,
      732.8661515692703,
      732.771973682051,
      733.3472642658137,
      732.752967642135,
      733.3507222408006,
      733.5390740402606,
      733.1573678665802,
      732.7295229615283,
      732.6364035726596,
      732.8903158492401,
      732.9964647052668,
      733.1229800697134,
      733.0704305953338,
      732.4298931730896,
      733.5347532384536,
      732.9838837695722,
      732.703632899693,
      732.712172307888,
      733.1428752225988,
      732.7905856861788,
      732.6941088508157,
      732.7705120439289,
      733.0334341866629,
      732.8041261304327,
      732.827368728253,
      732.5457264876165,
      732.5087579037963,
      732.8042408919134,
      732.9282121417903,
      733.5641426919889,
      733.2744430413767,
      732.8916028447512,
      732.7362569600594,
      733.4014538676798,
      733.0203724067752,
      732.3730086639148,
      732.8063387830719,
      733.0373898033334,
      732.4407947444114,
      732.5971477091813,
      733.1870267210888
    ],
    "dynamics_consistency": [
      0.012736918707149306,
      2.7390797768708855e-05,
      1.5670413517909765e-05,
      9.82040750818478e-06,
      6.456684677916292e-06,
      3.312053787577046e-06,
      1.8128545388735649e-06,
      1.4448288166328107e-06,
      1.2782324184061645e-06,
      1.1721669480499533e-06,
      1.0926322294144024e-06,
      1.0262593335738995e-06,
      9.795623902234848e-07,
      9.511240648407693e-07,
      9.217954279771189e-07,
      8.91854654605786e-07,
      8.61293911082673e-07,
      8.304931130249529e-07,
      7.989982133544456e-07,
      7.67107945732675e-07,
      7.344892793764853e-07,
      7.018915669852825e-07,
      6.687290700873356e-07,
      6.427705097141997e-07,
      6.257664104762954e-07,
      6.084635892799239e-07,
      5.90404770197411e-07,
      5.71365520125469e-07,
      5.514164603245714e-07,
      5.305373172788922e-07,
      5.088604937606508e-07,
      4.866532240568341e-07,
      4.632314965003404e-07,
      4.3981769155505986e-07,
      4.2139737722797745e-07,
      4.0869752316697133e-07,
      3.9535987937830487e-07,
      3.8121323885822194e-07,
      3.664004793313134e-07,
      3.510183608354697e-07,
      3.3511777447154814e-07,
      3.1878290498462477e-07,
      3.022076916109853e-07,
      2.854280082800403e-07,
      2.685278047203778e-07,
      2.556649491106052e-07,
      2.4680724974483884e-07,
      2.375616006133896e-07,
      2.2785017220871276e-07,
      2.1783232398081415e-07,
      2.075280989669516e-07,
      1.9700812051743022e-07,
      1.863162418371643e-07,
      1.7555995813030172e-07,
      1.648066076513294e-07,
      1.5410281310967533e-07,
      1.4605712920718192e-07,
      1.4056212594244649e-07,
      1.3484980067418093e-07,
      1.289346633418537e-07,
      1.2287335751671746e-07,
      1.166098848779459e-07,
      1.1030290493124062e-07,
      1.0397405946486967e-07,
      9.762376253417773e-08,
      9.136097097151672e-08,
      8.520402134724403e-08,
      8.0537377730424e-08,
      7.738601847470917e-08,
      7.413537699322973e-08,
      7.07722442069637e-08,
      6.73227074088345e-08,
      6.384175369495104e-08,
      6.033812651758737e-08
    ],
    "total": [
      1537.7458239643513,
      1528.1291293617055,
      1529.3966761997767,
      1528.0788569089746,
      1528.3182983398438,
      1527.4672790014442,
      1528.173093651523,
      1528.6313902269892,
      1528.060517639673,
      1528.7407729204963,
      1527.8584487017463,
      1528.5166702911633,
      1528.334369563255,
      1528.3743245100775,
      1528.480290773536,
      1528.0886189436712,
      1527.3976917427128,
      1528.0353003750329,
      1527.670973320969,
      1527.5673674254858,
      1527.795691225709,
      1528.164541036141,
      1528.9778093610491,
      1528.653640362395,
      1527.3548214696034,
      1527.9883499786633,
      1527.7158459575237,
      1527.4200439453125,
      1527.715425379136,
      1528.076904296875,
      1529.2486972327993,
      1527.9349108784138,
      1529.3860822405134,
      1528.2904760537028,
      1528.7084914776458,
      1528.9442759281446,
      1527.6573337586988,
      1529.022770216485,
      1529.0055726636358,
      1528.6898475454634,
      1528.406721868435,
      1528.3034796193867,
      1528.1414861598937,
      1529.161330279182,
      1528.2929077148438,
      1528.550406832655,
      1527.6073521205358,
      1528.8760565749737,
      1527.9833066283154,
      1527.6656114594275,
      1527.6309978581276,
      1528.6852386218159,
      1527.7578576352416,
      1527.9985382336529,
      1527.8484389361213,
      1528.392288336233,
      1528.3959822454372,
      1528.6367341370142,
      1527.5761780298058,
      1527.6123477711396,
      1528.1667370195148,
      1528.8376157103467,
      1528.864445534073,
      1528.6227565733325,
      1528.582906771107,
      1528.816131848247,
      1528.1769034762342,
      1528.7265399323792,
      1527.6308675814075,
      1528.2014042189141,
      1528.3253630309546,
      1527.4245902951025,
      1527.7183422441242,
      1529.5331579897584
    ]
  },